SeqID,FPV,ATV,IDV,LPV,NFV,SQV,TPV,DRV
2996,2.5,,16.3,,38.6,16.1,,
4387,0.7,,0.8,,0.8,1.1,,
4426,3.0,32.0,35.0,32.0,29.0,164.0,,
4432,1.5,,1.0,,2.2,1.1,,
4482,3.9,,20.2,,21.6,9.2,,
4486,9.5,20.0,8.2,11.0,72.0,46.0,,
4538,,,21.0,7.5,55.0,85.0,,
4664,3.1,,8.7,,32.0,16.9,,
4690,4.9,15.0,18.0,5.9,24.0,73.0,,
4698,1.2,,0.7,,3.6,1.3,,
5221,,,0.8,0.8,1.2,0.7,,
5279,8.3,79.0,16.0,12.0,600.0,1000.0,,
5444,2.7,21.0,24.0,6.1,42.0,132.0,,
5462,2.1,16.0,12.0,22.0,15.0,82.0,,
5464,2.1,,22.2,7.8,24.7,104.8,,
5640,0.8,2.8,3.2,1.5,3.5,0.9,,
5681,,,26.0,25.0,37.0,7.4,,
5707,6.1,10.0,28.0,11.0,41.0,65.0,,
6024,,,8.3,3.0,22.0,3.4,,
6028,,,16.0,20.0,37.0,7.9,,
7038,,,6.0,4.0,11.0,1.1,,
7042,11.0,18.0,28.0,17.0,53.0,62.0,,
7085,0.4,2.0,1.9,0.9,3.7,2.5,,
7103,,,0.7,0.7,11.0,0.4,,
7119,1.4,0.9,1.0,0.8,1.6,0.8,,
7235,,,3.3,2.2,8.7,1.6,,
7260,,,33.0,15.0,16.0,18.0,,
7393,,,19.0,37.0,41.0,10.0,,
7412,6.2,,12.0,,10.2,591.5,,
7414,3.5,,4.4,,6.2,1.1,,
7415,2.2,,6.5,,9.5,19.0,,
7426,5.2,,12.9,,47.0,28.4,,
7430,2.8,,48.9,,80.7,42.1,,
7439,4.3,,20.0,,46.1,47.4,,
7443,2.3,,12.0,,11.0,574.2,,
8084,8.3,,100.0,,161.1,100.0,,
8085,1.6,,3.3,,3.1,0.5,,
8090,2.3,,32.7,,23.4,37.8,,
8093,2.3,,22.8,,37.7,56.4,,
8113,,,5.6,10.0,4.9,26.0,,
8179,2.9,2.2,4.4,3.2,3.7,0.6,,
8188,4.7,29.0,25.0,34.0,28.0,147.0,,
8248,9.8,22.0,13.0,7.1,600.0,53.0,,
8253,5.3,,8.8,5.3,16.4,23.8,,
8468,1.4,11.0,17.0,4.4,26.0,20.0,,
8493,0.1,,1.0,0.5,2.9,0.6,,
8506,5.4,15.0,19.0,7.2,34.0,70.0,,
8626,11.0,15.0,33.0,34.0,56.0,1.5,,
8637,,,3.4,0.8,11.0,1.1,,
8652,,,,,54.0,7.0,,
8654,,,,,7.0,1.0,,
8658,,,,,4.0,1.0,,
8660,,,,,37.0,5.0,,
8666,,,,,2.0,1.0,,
8670,,,,,4.0,2.0,,
8672,,,,,1.0,1.0,,
8674,,,,,1.0,1.0,,
9431,,,2.8,0.8,12.0,0.9,,
9490,,,1.8,0.9,73.0,2.7,,
9556,,,1.2,1.2,3.0,1.0,,
9557,6.0,2.8,8.1,10.0,7.4,1.5,,
9564,0.4,2.2,0.8,0.5,24.0,0.8,,
9706,,,0.3,0.3,0.4,0.4,,
9722,2.5,6.6,6.0,2.4,121.0,15.0,,
9733,5.1,,22.8,33.5,34.7,8.9,,
9742,,,0.4,0.4,14.0,0.3,,
10191,,,1.0,0.7,1.6,0.9,,
10271,,,1.4,1.4,59.0,2.5,,
10286,,,1.2,1.4,1.8,0.9,,
10294,2.0,,24.0,20.0,72.0,27.0,,
10380,0.9,2.4,2.4,1.4,12.0,2.1,,
10397,12.0,12.0,21.0,11.0,21.0,4.6,,
10436,,,48.0,24.0,100.0,58.0,,
10539,0.4,,0.6,0.6,0.7,0.8,,
10558,,,15.0,22.0,28.0,4.2,,
10560,,,1.4,1.2,2.6,1.2,,
10574,,,1.3,0.3,5.4,1.2,,
10855,,,3.5,0.9,8.0,1.7,,
10864,13.0,7.4,30.0,46.0,47.0,1.5,,
10883,4.4,,5.2,,8.6,3.4,,
10928,10.0,0.7,1.1,4.0,2.3,1.5,,
11224,,,1.9,2.2,9.2,3.9,,
11423,31.0,,59.0,,156.0,1000.0,,
11566,0.2,6.1,3.7,0.7,12.0,1.0,,
11954,6.1,,9.3,,19.0,3.8,,
11958,3.9,,4.8,,24.0,3.2,,
12156,0.4,,0.5,0.6,0.6,0.6,,
12158,2.9,,0.8,1.1,1.9,1.7,,
12377,,,1.6,0.8,2.2,1.1,,
12400,1.1,,0.6,,1.2,0.7,,
12650,0.5,,0.6,,0.8,0.6,,
12676,4.0,,16.0,,34.0,5.9,,
12679,5.3,,12.0,,3.5,1.3,,
12714,1.7,5.4,10.0,2.8,21.0,17.0,,
12861,0.4,,0.5,,7.1,0.5,,
12862,0.8,,1.2,,24.7,0.9,,
12863,3.0,,2.8,,2.2,1.0,,
12864,4.4,,3.9,,3.6,1.7,,
12865,3.6,,3.6,,6.2,9.0,,
12866,4.5,,4.2,,11.5,4.9,,
12867,2.3,,3.7,,3.0,12.9,,
12928,3.2,,6.4,,4.0,3.1,,
12930,5.2,,20.3,,34.7,91.0,,
12932,2.2,,4.4,,3.4,0.8,,
12934,0.9,,3.6,,5.1,1.0,,
12936,0.4,,0.9,,11.1,0.4,,
12938,2.3,,1.2,,2.0,1.2,,
12940,0.4,,0.9,,2.3,0.9,,
12942,10.8,,32.2,,121.7,29.1,,
12944,13.9,,33.2,,97.2,37.2,,
13235,0.1,,2.1,,8.9,0.7,,
13236,0.1,,6.1,,21.0,0.2,,
13237,0.1,,3.1,,11.0,1.5,,
13238,0.1,,1.4,,15.8,1.2,,
13239,0.1,,6.3,,29.9,1.8,,
13240,0.1,,5.4,,16.7,1.4,,
13241,0.1,,7.6,,24.6,1.2,,
13242,0.2,,7.5,,18.6,1.8,,
13243,0.2,,1.1,,5.7,1.8,,
13244,0.2,,5.5,,15.1,2.0,,
13247,0.3,,1.0,,1.6,0.3,,
13248,0.3,,13.5,,63.0,8.9,,
13252,0.3,,1.2,,27.6,0.4,,
13254,0.3,,1.3,,29.1,1.1,,
13255,0.1,,1.5,,2.3,0.4,,
13256,0.1,,2.5,,5.1,1.4,,
13257,0.1,,2.3,,8.1,1.1,,
13258,0.1,,3.0,,12.8,1.2,,
13259,0.1,,2.9,,12.2,1.4,,
13260,0.3,,0.4,,0.4,0.3,,
13261,1.0,,1.1,,1.4,1.0,,
13262,0.9,,1.7,,2.4,1.2,,
14891,1.0,1.5,1.4,1.0,2.9,1.5,,
14938,5.2,30.0,53.0,21.0,62.0,88.0,,
14982,8.7,21.0,24.0,12.0,34.0,57.0,,
14989,1.7,1.9,2.7,4.7,3.4,0.9,,
15563,0.4,,0.5,0.7,0.7,0.7,,
15569,0.6,,0.9,1.1,1.4,1.2,,
15742,6.5,9.2,2.1,5.3,5.0,13.0,,
15750,4.3,1.2,18.0,23.0,3.8,0.4,,
16329,6.4,0.6,14.0,53.0,3.9,0.7,,
16379,1.0,1.2,1.3,1.2,1.4,1.2,,
16397,,,0.9,0.8,1.8,0.8,,
16401,3.7,7.1,6.6,13.0,9.9,24.0,,
26078,0.9,,24.0,,27.1,4.7,,
26094,7.6,,35.9,,34.3,3.6,,
26103,1.0,,3.3,,4.4,0.8,,
26105,3.2,,7.5,,9.3,2.6,,
26108,2.8,,7.7,,7.7,6.5,,
26117,4.4,,12.5,,3.0,0.6,,
26122,2.3,,8.3,,11.5,0.9,,
26600,5.6,3.8,32.0,25.0,34.0,3.0,,
26608,0.8,0.6,0.5,0.6,0.7,0.9,,
26624,39.0,,18.0,,48.0,130.0,,
26634,4.5,14.0,16.0,6.4,22.0,4.9,,
26857,2.8,3.1,7.4,13.0,8.7,2.1,,
26865,1.1,2.3,5.0,1.6,13.0,1.7,,
26868,0.3,0.8,0.6,0.4,0.9,0.7,,
26899,0.5,,0.5,0.5,0.6,0.7,,
26903,0.8,,1.0,,1.4,0.7,,
26926,0.7,0.6,0.6,0.6,0.7,0.5,,
27084,12.0,,12.0,,102.0,186.0,,
27086,,,9.6,,3.9,1.5,,
27087,,,34.6,,27.4,4.8,,
27088,,,15.8,,37.0,4.4,,
27089,,,34.5,,49.8,7.2,,
27090,,,2.4,,4.1,0.3,,
27091,,,2.5,,3.7,0.7,,
27092,,,25.2,,23.0,4.8,,
27093,,,20.0,,16.8,1.4,,
27094,,,0.5,,,1.5,,
27095,,,4.5,,6.4,0.7,,
27096,,,25.8,,33.3,3.8,,
27465,1.4,,10.2,5.2,7.4,1.5,,
27466,4.6,,15.6,20.3,17.8,1.9,,
27468,3.4,,12.6,2.5,33.5,32.4,,
27471,0.6,,15.7,0.7,54.7,3.4,,
27472,2.9,,8.7,46.3,1.6,0.6,0.8,
27473,6.6,,6.8,78.7,8.5,0.4,,
27474,,,7.1,2.3,7.2,0.9,,
27476,1.3,,1.8,2.8,2.3,1.8,,
27477,8.5,,156.0,99.0,205.0,52.0,,
27835,0.9,1.1,1.1,1.0,1.4,1.1,,
27863,1.7,5.5,9.0,2.6,6.4,1.7,,
27880,0.7,67.0,17.0,4.4,97.0,34.0,,
27908,3.9,1.8,2.3,2.6,2.5,1.9,,
27940,7.9,,58.0,,95.0,134.0,,
27960,2.5,3.2,2.0,3.9,4.4,0.8,8.4,1.1
27966,11.0,5.9,2.0,2.9,52.0,20.0,,
28209,1.7,,0.5,0.7,1.8,0.7,,
28212,8.2,,20.0,57.0,56.0,11.0,,
28215,1.1,,1.0,,1.1,1.0,,
28216,0.6,,0.7,,0.8,0.6,,
28217,0.7,,0.9,0.9,1.2,0.8,,
28218,3.6,,15.0,4.3,45.0,2.6,,
28221,2.1,,1.5,3.1,2.2,1.1,,
28222,0.8,,1.3,1.0,54.0,1.6,,
28224,1.0,,1.0,0.8,1.2,1.0,,
28226,0.3,,0.4,0.4,0.4,0.7,,
28228,0.8,,1.0,,2.4,0.9,,
28229,0.5,,0.7,,0.7,0.7,,
28230,0.6,,1.0,,1.1,0.9,,
28231,64.0,,14.0,,29.0,13.0,,
28773,1.8,,1.3,2.1,3.9,2.3,,
28776,0.3,,0.5,0.5,0.5,0.6,,
29039,1.9,,2.8,,160.4,9.6,,
29040,1.3,,3.2,,74.0,7.1,,
29041,1.1,,2.6,,124.0,4.4,,
29042,2.0,,5.3,,57.0,9.3,,
29043,11.4,,1.1,,109.0,6.1,,
29044,3.7,,3.9,,171.4,38.1,,
29045,0.4,,1.3,,32.8,3.7,,
29046,2.7,,5.2,,140.1,21.0,,
29047,1.5,,5.8,,219.0,24.0,,
29048,2.3,,8.4,,550.0,72.0,,
29049,1.2,,1.7,,47.0,5.0,,
29050,1.0,,2.3,,67.0,3.9,,
29051,28.0,,6.8,,550.0,45.0,,
29052,1.3,,3.5,,74.0,5.2,,
29053,2.2,,12.0,,140.0,46.0,,
29054,130.0,,25.0,,550.0,290.0,,
38708,17.0,,51.0,67.0,96.0,2.4,,
38712,0.6,,0.8,0.6,1.2,0.5,,
38714,0.8,,1.1,1.1,1.1,1.1,,
38720,0.7,,11.0,3.4,6.2,1.6,,
38722,2.2,,17.0,3.7,43.0,6.7,,
38730,4.0,,22.0,34.0,54.0,27.0,,
38738,0.5,,0.9,0.7,1.1,0.6,,
38742,7.0,,25.0,14.0,31.0,4.0,,
38748,0.6,,1.3,0.7,21.0,0.4,,
38752,0.8,,0.9,0.8,1.3,1.5,,
38756,0.7,,1.2,0.9,1.5,1.0,,
38758,0.9,,1.1,1.1,1.4,0.8,,
38762,,,,,,,1.0,1.0
38766,0.7,,3.4,4.2,6.7,0.4,,
38768,2.0,,20.0,22.0,53.0,7.6,,
38772,2.8,,11.0,16.0,23.0,4.7,,
38774,3.1,,14.0,18.0,39.0,5.9,,
38782,12.0,,40.0,41.0,31.0,5.9,,
38786,0.6,,0.9,0.5,1.5,0.5,,
38788,1.3,,26.0,20.0,34.0,181.0,,
38792,2.7,,11.0,12.0,30.0,7.4,,
38794,3.5,,7.7,13.0,7.0,14.0,,
38800,8.2,,41.0,64.0,53.0,9.1,,
38806,1.6,,19.0,17.0,19.0,1.8,,
38808,1.6,,11.0,1.9,45.0,10.0,,
38812,3.2,,16.0,96.0,96.0,265.0,,
38818,2.7,,8.4,3.2,26.0,18.0,,
38820,,,,,,,1.5,1.6
38822,1.4,,2.8,1.7,4.4,0.9,,
38826,1.4,,4.6,1.1,10.0,0.9,,
38828,5.8,,7.4,7.0,6.1,1.3,,
38836,3.5,,11.0,6.4,35.0,31.0,,
38844,1.8,,3.7,2.3,15.0,6.2,,
38846,2.8,,15.0,16.0,27.0,8.8,,
38854,2.0,,9.8,3.6,19.0,8.2,,
38856,3.6,,8.1,6.1,27.0,23.0,,
38862,0.8,,1.1,0.8,1.9,1.1,,
38864,5.2,,73.0,39.0,58.0,155.0,,
38866,0.7,,1.0,0.8,1.5,0.9,,
38872,6.0,,22.0,33.0,43.0,7.1,,
38874,1.2,,1.5,1.3,3.1,1.2,,
38882,11.0,,58.0,34.0,131.0,545.5,,
38884,29.0,,6.6,4.2,23.0,24.0,,
38900,6.8,,171.4,63.0,121.0,461.5,,
38908,0.7,,1.0,0.7,1.7,0.7,,
38910,1.9,,10.0,14.0,11.0,4.6,,
38926,5.0,,8.1,11.0,8.6,18.0,,
38928,9.8,,11.0,4.3,18.0,20.0,,
39551,0.1,,2.5,,14.6,2.4,,
39954,0.6,,0.7,0.6,1.1,0.6,,
39960,3.4,19.0,20.0,35.0,27.0,7.6,,
40018,2.8,,12.0,,100.0,145.6,,
40060,6.8,4.5,10.0,8.7,11.0,0.8,,
40136,3.7,2.3,9.6,30.0,12.0,2.1,,
40242,4.7,5.5,4.5,4.5,6.0,1.3,,
40448,7.5,,21.0,6.3,62.0,33.0,,
40526,4.0,16.0,30.0,37.0,43.0,37.0,,
40595,,,0.9,0.7,1.3,0.7,,
40765,,,1.5,0.9,47.0,2.3,,
40789,1.3,,5.0,,34.0,60.0,,
41012,,,0.8,1.0,0.9,0.8,,
41032,1.7,1.4,1.7,1.4,3.0,1.1,,
41179,,,155.8,73.7,67.7,208.7,,
41212,1.8,34.0,14.0,7.9,600.0,87.0,,
41281,15.0,27.0,32.0,13.0,29.0,4.5,,
41467,11.0,,42.0,44.0,71.0,2.7,,
41547,0.5,,0.3,,0.6,0.2,,
41597,0.4,1.3,1.0,0.5,18.0,1.1,,
41678,13.0,14.0,16.0,11.0,12.0,10.0,,
41692,14.9,,22.3,,42.2,41.0,,
41798,1.0,2.3,5.3,6.3,7.2,1.6,,
41885,,,0.9,0.3,2.0,0.8,,
42159,8.8,,9.4,35.0,16.0,33.0,,
44038,,,1.1,,2.3,0.6,,
44040,,,0.4,,0.5,0.5,,
44042,0.4,,0.5,,0.8,0.7,,
44044,2.0,,1.4,,1.5,1.7,,
44046,,,0.8,,0.7,0.7,,
44048,1.5,,1.4,,1.4,1.1,,
44050,,,0.9,,0.9,0.5,,
44052,1.0,,0.8,,1.2,0.8,,
44054,0.8,,1.2,,2.5,1.3,,
44056,,,0.8,,1.5,0.6,,
44058,0.3,,0.4,,0.2,0.5,,
44060,,,0.9,,1.8,0.6,,
44062,0.6,,0.5,,0.9,0.7,,
44064,,,0.8,,0.9,0.5,,
44066,,,0.6,,0.6,0.5,,
44068,,,0.8,,1.1,0.3,,
44070,,,0.5,,0.5,0.4,,
44072,,,0.8,,1.2,0.8,,
44074,,,0.3,,0.4,0.1,,
44078,,,0.8,,1.3,0.7,,
44080,,,0.9,,2.6,1.1,,
44082,0.3,,0.5,,1.4,0.3,,
44084,0.8,,0.8,,0.8,1.2,,
44086,0.6,,0.7,,0.6,0.9,,
44088,0.5,,0.7,,1.0,0.7,,
44090,0.6,,0.8,,0.9,0.9,,
44092,1.3,,0.8,,0.8,0.9,,
44094,2.1,,1.3,,2.5,1.3,,
44096,2.0,,1.4,,2.7,1.2,,
44098,1.3,,1.1,,2.0,1.2,,
44100,1.3,,1.9,,3.2,2.6,,
44102,,,0.9,,1.4,0.5,,
44104,0.7,,1.0,,1.4,0.8,,
44106,,,0.9,,1.0,0.6,,
44108,,,1.4,,1.3,1.2,,
44110,,,1.0,,2.7,1.0,,
44112,1.1,,1.1,,1.9,1.1,,
45038,0.4,,0.4,,0.7,0.4,,
45040,1.0,,1.9,,60.0,2.0,,
45042,0.9,,1.7,,2.7,1.1,,
45044,1.1,,0.7,,1.7,0.8,,
45046,0.4,,0.3,,0.5,0.5,,
45057,0.9,4.1,2.4,,83.0,2.4,,
45058,3.9,49.0,8.2,,232.0,33.0,,
45059,0.7,1.1,1.0,,1.2,0.7,,
45060,0.6,4.9,0.3,,0.7,0.3,,
45061,0.8,0.9,0.9,,1.1,0.9,,
45062,0.5,1.9,1.1,,25.0,0.5,,
45063,0.5,0.5,0.4,,0.5,0.3,,
45065,0.2,6.0,4.2,,7.7,1.3,,
45066,1.6,141.0,27.0,,86.0,111.0,,
45067,0.8,0.8,1.0,,1.2,0.7,,
45069,0.4,7.9,0.4,,0.8,0.5,,
45071,1.6,2.7,1.8,,7.4,1.0,,
45072,0.3,31.0,12.0,,66.0,12.0,,
45073,4.3,3.8,2.6,,15.0,3.5,,
45074,0.5,0.6,0.8,,1.1,0.5,,
45076,0.3,9.9,0.5,,1.0,0.3,,
45078,0.6,1.5,1.2,,31.0,1.1,,
45079,1.1,12.0,2.8,,72.0,6.9,,
45080,0.9,0.8,0.8,,1.3,0.8,,
45084,0.4,0.7,0.8,,1.5,0.7,,
45086,0.8,8.8,0.4,,0.9,0.3,,
45088,1.4,7.6,2.3,,142.0,,,
45089,0.1,22.0,0.1,,6.0,,,
45090,0.5,0.7,0.4,,12.0,0.6,,
45091,4.3,22.0,24.0,,56.0,24.0,,
45092,0.6,0.7,0.7,,0.8,0.7,,
45094,0.2,13.0,0.5,,1.6,,,
45095,0.6,0.7,0.7,,0.8,0.6,,
45096,1.0,2.3,1.9,,46.0,2.0,,
45097,0.5,0.6,0.6,,1.0,0.4,,
45098,0.5,5.2,0.3,,0.3,0.1,,
45099,1.3,4.0,3.4,,91.0,5.6,,
45100,2.7,14.0,5.2,,140.0,21.0,,
45101,3.2,2.1,4.6,,23.0,2.1,,
45103,0.4,0.7,0.5,,0.6,0.5,,
45104,0.3,0.8,0.4,,13.0,0.3,,
45105,0.8,1.5,1.4,,45.0,1.1,,
45107,0.5,1.8,0.9,,14.0,0.5,,
45108,6.2,3.4,1.3,,59.0,18.0,,
45109,0.9,1.4,0.9,,4.6,0.8,,
45111,0.6,9.5,0.4,,0.4,0.3,,
45113,1.0,1.0,1.0,,1.0,,,
45114,0.2,5.4,0.1,,0.2,,,
45115,0.7,2.4,0.6,,1.1,,,
45116,0.2,10.0,0.3,,0.3,,,
45117,1.0,1.0,1.0,,1.0,,,
45118,0.1,2.0,0.1,,0.1,,,
45119,0.3,2.0,1.0,,1.3,,,
45120,0.2,6.0,0.3,,0.3,,,
45121,1.0,1.0,1.0,,1.0,,,
45122,0.3,3.0,0.1,,0.1,,,
45123,0.6,0.9,1.2,,1.4,,,
45124,0.3,6.0,0.1,,0.2,,,
46172,0.4,,0.7,0.5,0.8,0.6,,
46177,0.2,,0.4,0.4,0.5,0.6,,
46180,0.6,,0.4,0.6,0.7,0.8,,
46182,0.6,,0.5,0.7,1.1,0.8,,
46184,0.3,,0.5,0.5,0.5,0.6,,
46188,0.5,,0.5,0.5,0.6,0.7,,
46190,0.8,,1.0,1.3,2.1,1.5,,
46191,1.1,,1.0,1.1,1.2,1.0,,
46193,0.4,,0.4,0.5,0.5,0.6,,
46199,0.6,,1.0,1.0,1.1,0.9,,
46206,0.7,,0.6,0.8,0.6,0.7,,
46208,0.2,,0.4,0.4,0.3,0.5,,
46209,0.6,,0.8,1.0,1.2,1.0,,
46213,1.4,,1.8,1.0,1.8,1.0,,
46215,1.8,,0.7,0.7,0.6,0.8,,
46216,0.6,,0.6,0.7,0.6,0.6,,
46217,0.8,,0.8,0.7,1.0,0.6,,
46679,3.4,,9.1,,30.3,30.3,,
46681,0.9,,1.3,,2.5,1.0,,
46683,0.7,,0.4,,1.1,0.9,,
46685,0.6,,0.7,,1.1,0.6,,
46687,0.7,,1.0,,47.0,1.5,,
46691,1.1,,1.1,,1.5,0.9,,
46693,0.8,,1.0,,1.4,1.1,,
46695,0.6,,1.6,,38.9,0.9,,
46697,1.2,,17.1,,21.0,3.8,,
46699,3.0,,4.3,,4.5,0.7,,
46701,22.3,,186.9,,165.4,249.8,,
46703,0.8,,1.3,,1.8,1.2,,
46705,0.5,,0.7,,1.3,1.0,,
46709,1.7,,9.6,,25.0,4.7,,
46711,6.0,,10.5,,18.4,18.0,,
47953,0.3,,0.6,0.7,0.7,1.0,,
47985,0.5,,0.7,0.5,0.6,0.5,,
47989,0.7,,0.7,0.8,1.1,0.7,,
47999,0.6,,0.6,0.8,1.1,0.8,,
48003,1.0,,0.9,1.2,1.6,1.3,,
48035,0.3,,0.5,0.6,0.6,0.6,,
50511,1.3,,1.3,1.1,2.6,1.5,,
50513,1.6,,5.2,2.8,5.8,1.6,,
50515,0.8,,0.6,0.7,0.9,0.7,,
50615,0.6,0.8,1.0,0.7,0.8,0.6,,
50648,9.5,1.0,46.0,112.0,16.0,0.9,,
50656,14.0,8.8,6.8,17.0,15.0,4.1,,
50667,1.0,,7.2,1.3,21.0,8.4,,
50807,1.4,,1.3,1.3,2.3,1.2,,
50858,1.0,,1.0,0.9,1.0,0.6,,
50868,1.2,1.4,1.8,1.0,3.4,3.7,,
50921,47.0,9.6,124.0,500.0,24.0,1.0,4.0,11.0
50925,61.0,,38.0,65.0,66.0,41.0,,
51006,0.9,,1.0,1.0,1.4,0.9,,
51019,12.0,3.4,2.0,2.9,4.7,1.9,,
51079,2.7,7.3,8.1,8.4,21.0,11.0,,
51100,0.3,,0.4,0.4,1.0,0.4,,
51225,1.9,1.5,1.5,1.5,2.4,1.2,,
51258,1.1,0.9,0.7,0.9,1.0,0.8,,
51386,0.8,,0.8,0.7,1.0,0.8,,
51449,1.5,1.4,1.5,1.4,1.8,1.1,,
51548,45.0,,15.0,23.0,61.0,42.0,,
51552,4.8,,53.0,56.0,59.0,6.2,,
51571,0.5,,0.6,0.6,0.6,0.5,,
51575,100.0,,13.0,43.0,55.0,41.0,,
51607,69.0,,126.0,400.0,267.0,92.0,,
52822,2.3,19.3,17.0,9.9,18.4,16.7,,
52824,0.6,0.7,0.8,0.6,1.0,0.8,,
52826,0.6,1.3,1.1,0.6,23.3,0.3,,
52828,1.0,15.2,23.4,10.1,29.8,7.1,,
52830,2.1,1.9,2.5,4.3,2.5,1.2,,
52834,1.2,2.5,1.8,1.2,45.0,2.3,,
52836,1.3,2.6,3.5,1.4,4.1,0.4,,
52838,4.9,10.8,24.5,7.5,56.0,16.2,,
52840,4.1,17.2,8.4,10.9,6.1,20.9,,
52889,0.4,,0.5,0.4,0.9,0.7,,
52891,3.2,,22.7,2.7,87.2,11.8,,
52893,1.1,,3.0,1.3,5.9,1.1,,
52897,1.0,,87.0,16.0,297.0,71.0,,
52905,7.7,,69.6,39.0,110.8,11.6,,
52909,4.2,,25.2,25.2,53.2,33.2,,
52915,6.3,,7.5,6.3,17.6,47.7,,
53503,6.0,,12.0,24.0,37.0,132.0,,
53507,6.0,,6.1,26.0,18.0,41.0,,
53515,2.3,,6.3,26.0,15.0,20.0,,
53517,6.2,,5.0,21.0,17.0,38.0,,
54162,1.7,,1.2,0.4,15.3,6.1,,
54163,5.4,,1.3,,58.7,14.1,,
54165,10.4,,10.7,3.1,395.3,92.0,,
54167,64.1,,62.9,46.8,143.8,24.4,,
54168,23.0,,42.3,7.2,600.0,1000.0,,
54170,31.1,,26.8,,600.0,140.6,,
54171,42.5,,78.3,11.4,600.0,364.6,,
54172,32.0,,57.8,13.8,600.0,241.1,,
54173,28.1,,52.6,9.0,600.0,256.2,,
54174,32.0,38.0,73.0,10.0,600.0,1000.0,,
54176,74.0,,92.1,123.5,600.0,1000.0,,
54177,252.2,,400.0,94.4,600.0,265.5,,
54178,1.6,,1.3,1.9,3.0,3.9,,
54179,24.8,,8.6,37.5,3.0,2.0,,
54180,2.3,,1.9,1.4,1.8,2.8,,
54181,1.6,,3.2,1.9,4.3,1.8,,
54182,2.2,,1.4,2.0,2.3,1.9,,
54183,12.5,,33.9,28.9,8.5,3.5,,
54184,42.6,,33.6,80.2,30.8,30.4,,
54185,40.0,,16.7,79.0,14.0,14.3,,
54186,13.2,,5.6,43.4,1.8,1.6,,
54187,4.6,,6.3,9.5,8.4,4.5,,
54188,39.5,,79.2,99.3,101.9,43.1,,
54189,52.7,,41.5,102.7,136.6,162.3,,
54300,,,2.7,,7.8,4.9,,
54301,0.4,,25.3,,27.8,3.2,,
54302,0.2,,6.1,,31.4,1.2,,
54303,4.2,,6.1,,500.0,13.5,,
54304,3.4,,1.6,,3.0,5.5,,
54305,4.3,,21.9,,76.7,181.0,,
54306,1.0,,4.8,,3.5,0.9,,
54392,1.8,,6.2,1.2,7.6,24.7,,
54393,3.2,,5.1,5.3,4.1,1.3,,
54394,2.5,,2.4,2.3,3.6,1.8,,
54395,0.8,,1.2,0.8,30.1,0.4,,
54396,7.8,,0.6,3.6,1.4,1.1,,
54397,0.6,,1.3,0.8,1.1,0.6,,
54398,2.9,,2.6,2.4,4.8,8.0,,
54399,3.5,,3.5,3.8,6.0,5.7,,
54400,3.9,,31.1,18.1,30.0,25.4,,
54401,9.9,,29.4,22.3,48.6,91.4,,
54402,11.0,,180.0,100.7,143.6,350.0,,
54407,1.8,,1.5,1.6,1.3,1.3,,
54408,8.4,,3.2,7.7,3.4,3.7,,
54409,21.0,,1.6,19.0,2.9,1.3,,
54410,48.0,,2.4,31.0,4.1,2.0,,
54411,4.6,,2.1,6.2,2.6,2.7,,
54412,18.0,,1.2,15.0,3.3,1.4,,
54447,0.1,,1.6,,2.4,0.5,,
54448,0.1,,2.6,,5.1,1.4,,
54449,0.1,,2.3,,8.2,1.2,,
54450,0.1,,3.1,,12.9,1.2,,
54451,0.1,,3.0,,12.2,1.5,,
54452,0.4,,0.5,,0.4,0.4,,
54453,1.1,,1.1,,1.4,1.0,,
54454,0.9,,1.7,,2.5,1.2,,
55752,46.0,78.0,46.0,97.0,59.0,500.0,,
55760,9.7,62.0,49.0,32.0,63.0,57.0,,
55835,14.0,1.3,3.9,23.0,3.0,0.2,1.3,1.9
55837,25.0,4.2,5.0,11.0,7.7,1.9,,
55845,13.0,13.0,8.8,20.0,17.0,79.0,,
55847,1.7,1.8,3.3,1.1,5.2,3.8,,
55889,8.4,19.0,15.0,28.0,24.0,133.0,,
55928,15.0,38.0,25.0,85.0,50.0,9.4,,
55938,15.0,38.0,25.0,85.0,50.0,9.4,,
55948,1.5,6.3,8.3,11.0,12.0,2.2,,
55954,76.0,,131.0,200.0,50.0,156.0,,
56022,0.8,0.9,0.8,0.9,0.8,0.8,,
56026,0.5,0.7,0.9,0.7,1.7,0.8,,
56090,1.8,,12.0,18.0,15.0,5.2,,
56096,58.0,90.0,186.0,500.0,95.0,1000.0,,
56110,56.0,2.5,9.1,39.0,19.0,21.0,,
56142,1.1,1.1,1.0,1.0,1.3,1.2,,
56144,2.6,,46.0,30.0,59.0,322.0,,
56150,110.0,141.0,400.0,400.0,600.0,1000.0,,
56170,6.2,,40.0,29.0,83.0,290.0,,
56172,0.4,0.9,0.8,0.5,1.2,1.0,,
56204,4.6,4.8,3.5,2.6,98.0,16.0,,
56220,0.9,1.0,1.2,0.8,2.3,1.0,,
56248,0.4,0.9,0.9,0.8,0.7,1.0,,
56282,0.9,0.8,0.7,0.8,1.2,0.7,,
56344,0.4,,0.4,0.4,0.5,0.6,,
56378,0.8,,1.0,0.7,1.6,0.9,,
56428,0.9,0.9,1.0,0.7,1.3,0.8,,
56432,0.8,0.7,0.8,0.7,0.9,0.6,,
56478,0.8,,0.7,0.7,1.0,0.7,,
56494,0.4,,0.6,0.5,0.8,0.6,,
56498,1.2,,2.0,1.1,3.7,1.2,,
56696,1.0,,3.6,1.3,5.7,2.4,,
56746,1.2,1.5,1.0,0.8,1.2,0.7,1.6,1.2
56964,1.4,1.3,1.4,1.2,1.5,1.2,,
56974,1.0,1.2,1.6,1.1,2.3,1.0,,
57000,0.4,0.9,1.0,0.7,1.4,0.7,,
57096,1.0,0.8,1.3,0.5,2.1,0.3,,
57112,42.0,96.0,21.0,27.0,200.0,200.0,,
57233,0.5,2.5,1.1,0.7,38.0,15.0,,
57267,7.8,43.0,41.0,45.0,67.0,22.0,,
57456,15.0,,,48.0,,,,
58809,0.7,1.0,1.0,1.1,1.6,1.3,,
58812,0.8,8.4,2.2,1.8,88.0,40.0,,
58814,18.0,41.0,89.0,108.0,63.0,219.0,,
58892,31.0,360.0,200.0,316.0,200.0,290.0,,
58894,14.0,9.1,21.0,75.0,30.0,22.0,,
59254,2.8,,33.0,21.0,27.0,54.0,,
59256,0.6,,0.8,0.5,1.3,0.5,,
59258,3.1,11.0,10.0,6.2,13.0,165.0,,
59260,27.0,0.6,21.0,54.0,6.5,0.5,,
59264,0.3,,0.6,0.5,0.7,0.7,,
59344,14.0,9.5,41.0,40.0,43.0,2.2,,
59354,1.8,1.9,0.9,1.0,7.0,1.4,,
59374,27.0,29.0,26.0,87.0,21.0,3.7,,
59406,21.0,68.0,500.0,500.0,57.0,500.0,,
60082,1.0,0.7,0.6,0.8,1.3,0.6,,
60084,1.0,1.5,0.8,0.6,3.2,0.8,,
60088,26.0,,15.0,82.0,2.7,1.4,,
60090,58.0,,13.0,17.0,24.0,15.0,,
60092,3.0,26.0,28.0,26.0,36.0,25.0,,
60096,136.0,,14.0,223.0,45.0,3.7,,
60098,9.9,,178.0,400.0,175.0,84.0,,
60102,30.0,,102.0,122.0,113.0,1000.0,,
60104,0.6,,0.9,0.8,1.3,0.5,,
60106,1.3,,1.8,1.1,3.3,1.0,,
60108,1.0,,1.8,1.2,2.4,1.1,,
60110,7.8,,9.7,10.0,16.0,10.0,,
60112,0.6,,0.7,0.6,0.7,0.5,,
60114,1.1,,1.1,0.9,2.2,1.1,,
60116,88.0,,10.0,28.0,59.0,100.0,,
60467,0.4,,0.8,0.6,0.8,0.7,,
60479,0.6,,1.8,1.6,6.6,1.2,,
60491,0.7,,1.5,0.8,41.7,1.5,,
60554,2.2,,6.9,8.3,8.8,3.6,,
60558,1.5,,3.2,2.0,5.6,9.7,,
60562,4.2,,3.4,1.3,15.2,23.0,,
60587,2.2,,21.8,36.7,63.0,12.2,,
60639,0.3,,0.4,0.3,0.4,0.3,,
60641,0.6,,1.0,1.0,1.1,1.1,,
60643,1.0,0.7,1.2,0.7,0.9,0.9,,
60645,4.9,45.0,74.0,30.0,92.0,1000.0,,
60647,1.4,1.3,5.8,13.0,4.7,0.9,,
60649,0.5,1.5,1.0,0.7,1.2,1.2,,
60651,0.7,0.8,0.8,0.7,0.6,1.0,,
60683,17.0,29.0,24.0,15.0,24.0,31.0,,
60697,0.8,0.9,1.5,0.7,3.4,1.3,,
60717,8.1,6.5,2.7,16.0,6.9,0.9,12.0,2.8
60805,5.4,4.7,9.4,7.4,9.9,33.0,,
60857,1.8,1.3,1.6,1.1,1.5,1.2,,
60957,19.0,17.0,37.0,17.0,47.0,67.0,,
61045,0.7,1.3,1.0,0.8,0.9,0.9,,
61089,5.3,,54.0,125.0,142.0,85.0,,
61091,0.7,,0.7,0.6,0.7,0.6,,
61093,0.6,,0.7,0.7,0.8,0.6,,
61095,0.7,0.7,0.7,0.6,0.8,0.7,,
61097,0.9,,0.9,0.7,1.0,0.8,,
61099,1.5,1.5,1.2,1.3,1.9,1.0,,
61101,1.0,,0.9,0.8,1.0,0.8,,
61103,1.1,1.1,1.0,1.1,1.1,1.0,,
61105,1.2,1.1,0.8,1.1,1.1,0.8,,
61107,0.8,0.9,0.8,0.8,0.9,0.9,,
61109,1.1,0.9,0.9,0.7,1.5,0.7,,
61111,0.3,0.5,0.4,0.3,0.4,0.6,,
61113,1.5,,1.5,1.5,1.8,1.0,,
61115,66.0,700.0,400.0,199.0,600.0,1000.0,,
61117,0.6,,0.9,0.7,1.2,0.7,,
61119,0.7,,0.7,0.7,0.8,0.6,,
61121,1.2,1.6,1.9,1.0,4.4,1.8,,
61123,1.2,,1.6,1.1,3.0,1.1,,
61125,0.6,0.8,0.8,0.8,0.7,0.9,,
61127,0.6,,0.8,0.6,1.5,0.7,,
61129,132.0,,25.0,213.0,43.0,9.3,,
61131,16.0,9.8,5.7,41.0,8.0,6.5,,
61133,0.7,,0.7,0.7,1.0,0.6,,
61135,6.0,,11.0,48.0,29.0,10.0,,
61137,3.7,,16.0,48.0,54.0,10.0,,
61139,25.0,,45.0,97.0,84.0,157.0,,
61141,0.9,,1.2,0.7,1.9,0.8,,
61143,9.2,,18.0,71.0,31.0,6.5,,
61145,1.5,6.7,3.3,2.3,118.0,6.3,,
61147,0.4,,0.7,0.5,1.0,0.5,,
61149,0.4,0.6,0.6,0.6,0.7,0.7,,
61151,0.6,,0.6,0.5,0.8,0.6,,
61153,22.0,,39.0,61.0,79.0,105.0,,
61155,0.7,,0.8,0.6,1.1,0.5,,
61157,0.6,,0.6,0.7,0.8,0.5,,
61159,0.9,,1.1,0.9,1.9,0.7,,
61161,1.5,,1.7,1.5,2.9,1.7,,
61438,,5.8,,0.2,,,,
61439,,3.5,,0.2,,,,
61440,,29.0,,0.4,,,,
61441,,8.6,,0.3,,,,
64467,0.6,,0.4,,1.0,0.3,,
64487,0.4,,0.4,,0.7,0.3,,
64497,0.5,,0.7,,0.9,0.7,,
64519,0.4,,0.4,,0.8,0.5,,
64539,0.5,,0.4,,0.7,0.6,,
64575,0.2,,0.3,,0.3,0.3,,
64585,1.0,,0.6,,1.1,0.8,,
64605,0.5,,0.4,,0.5,0.4,,
64613,0.7,,1.0,,1.8,1.4,,
64629,0.5,,0.8,,0.9,0.7,,
64635,0.4,,0.4,,0.5,0.5,,
64657,0.2,,0.2,,0.3,0.2,,
64667,0.4,,0.3,,0.5,0.4,,
64675,1.1,,1.0,,2.1,0.9,,
64685,0.7,,0.8,,1.5,0.7,,
64691,0.8,,0.8,,1.4,0.7,,
64707,0.5,,0.2,,0.4,0.3,,
64717,0.5,,0.9,,1.6,0.6,,
64733,0.4,,0.3,,0.3,0.4,,
64745,0.3,,0.8,,0.7,0.7,,
64749,0.3,,0.2,,0.4,0.2,,
64759,0.6,,0.7,,0.9,0.7,,
64769,0.7,,0.6,,0.7,0.5,,
64779,0.7,,0.8,,1.6,0.6,,
64785,0.8,,1.0,,1.7,0.8,,
64799,0.5,,0.6,,1.0,0.5,,
64819,0.5,,0.6,,1.1,0.7,,
64833,0.3,,0.4,,0.8,0.2,,
64841,0.7,,0.8,,1.8,0.8,,
64853,0.3,,0.3,,0.4,0.3,,
64877,0.6,,0.5,,1.1,0.7,,
64887,0.6,,0.4,,0.6,0.5,,
64897,0.7,,0.8,,0.8,0.6,,
64913,0.4,,0.4,,0.6,0.5,,
64923,0.8,,0.6,,0.8,0.4,,
64929,0.7,,0.5,,0.6,0.4,,
64939,0.4,,0.5,,0.8,0.6,,
64947,1.1,,0.6,,0.6,0.6,,
64957,0.4,,0.6,,0.9,0.2,,
64967,0.7,,0.7,,0.9,0.5,,
64995,1.1,,1.3,,1.2,0.8,,
65007,0.5,,0.5,,0.7,0.4,,
65021,0.2,,0.2,,0.5,0.3,,
65035,0.5,,0.6,,1.0,0.7,,
65055,0.4,,0.5,,0.8,0.7,,
65073,0.3,,0.3,,0.8,0.3,,
65091,0.4,,0.3,,0.6,0.3,,
65105,0.3,,0.4,,0.5,0.4,,
65115,0.5,,0.5,,0.9,0.3,,
65125,0.7,,0.8,,0.8,1.0,,
65137,0.3,,0.6,,1.3,0.5,,
65177,0.4,,0.4,,0.4,0.3,,
65185,0.7,,0.4,,0.8,0.4,,
65193,0.6,,0.6,,0.8,0.5,,
65201,0.5,,0.6,,0.9,0.5,,
65215,0.4,,0.5,,0.8,0.5,,
65239,0.6,,0.6,,1.1,0.6,,
65249,0.5,,0.7,,0.9,0.5,,
66150,24.0,22.0,4.6,8.0,12.0,64.0,,
66194,300.0,150.0,78.0,310.0,91.0,63.0,,
66238,0.8,1.2,1.1,0.7,1.6,0.9,,
66266,11.0,37.0,20.0,15.0,51.0,340.0,,
66312,7.1,31.0,19.0,8.3,25.0,123.0,,
66640,1.1,0.9,,0.9,1.7,0.8,,
66641,5.4,10.0,,2.5,14.0,3.1,,
66642,27.0,52.0,,13.0,55.0,19.0,,
66644,21.0,2.8,,219.0,50.0,7.6,,
66645,8.0,87.0,,73.0,82.0,93.0,,
66648,34.0,5.8,,83.0,6.5,2.8,,
66649,23.0,0.9,,7.8,5.6,1.9,,
66650,34.0,1.6,,40.0,4.9,0.9,,
66652,4.2,0.4,,3.4,1.3,0.3,,
66654,19.0,0.9,,59.0,2.0,1.1,,
66655,0.8,1.0,,5.0,3.9,0.4,,
66656,3.1,0.5,,68.0,4.2,0.8,,
66658,0.9,2.0,,6.4,5.3,1.3,,
66659,1.4,2.9,,20.0,10.0,2.2,,
66661,0.7,0.7,,0.7,0.9,0.8,,
66662,6.7,2.3,,47.0,13.0,1.8,,
66666,142.0,51.0,,233.0,15.0,18.0,,
66667,2.8,,7.2,8.1,1.6,1.0,,
66668,1.8,,2.3,1.2,42.0,6.0,,
66669,3.9,,53.0,70.0,68.0,1000.0,,
66670,9.1,,8.1,8.5,12.0,27.0,,
66671,6.0,,13.0,20.0,5.2,3.2,,
66672,37.0,,1.3,13.0,3.6,1.7,,
66673,13.0,,10.0,43.0,31.0,85.0,,
66674,4.5,,31.0,17.0,40.0,106.0,,
66675,8.7,,39.0,28.0,72.0,193.0,,
66676,7.7,,3.3,17.0,8.1,1.5,,
66677,9.7,,29.0,47.0,33.0,125.0,,
66678,5.7,,28.0,22.0,27.0,47.0,,
66679,21.0,,11.0,60.0,31.0,61.0,,
66680,69.0,,33.0,130.0,172.0,1000.0,,
66808,6.9,,39.9,39.1,44.1,,,
66809,23.3,,13.2,77.3,41.6,,,
66810,16.3,,20.4,87.4,30.5,,,
66811,11.4,,149.8,86.4,156.8,,,
66812,16.5,,58.0,92.5,178.0,,,
68066,1.1,,5.6,,15.0,3.4,,
68067,9.9,,8.3,,32.0,3.7,,
68068,4.8,,11.0,,11.0,1.1,,
68069,31.0,,20.0,,29.0,1.8,,
68070,5.0,,38.0,,68.0,89.0,,
68071,48.0,,22.0,,38.0,29.0,,
68072,3.1,,8.4,,6.9,1.8,,
68073,27.0,,36.0,,66.0,69.0,,
68124,17.5,2.1,2.5,9.4,7.0,4.5,,
68125,1.1,4.9,3.8,5.6,14.8,5.5,,
68126,13.0,2.0,2.9,12.4,10.1,8.4,,
68129,19.0,2.6,4.2,13.0,7.0,0.6,,
68131,1.1,1.0,1.1,0.8,1.3,0.9,,
68133,0.5,,1.1,0.4,23.0,1.1,,
68135,1.0,0.6,0.8,0.8,1.0,1.1,,
68137,0.5,0.6,0.6,0.5,0.7,0.6,,
68143,3.8,25.0,29.0,8.0,89.0,55.0,,
68210,1.3,0.7,3.0,38.0,2.5,0.2,,
68333,0.2,,0.4,0.4,0.5,0.5,,
68334,0.3,,0.7,0.7,0.6,0.8,,
68335,0.3,,0.5,0.4,0.6,0.5,,
68336,0.4,,0.3,0.4,0.4,0.4,,
68337,0.6,,0.8,0.4,1.3,0.6,,
68338,0.8,,1.6,0.1,1.6,1.5,,
68339,0.2,,0.5,0.5,0.4,0.7,,
68341,0.5,,0.8,0.4,0.9,0.4,,
68342,0.2,,0.4,0.3,0.4,0.6,,
68343,0.8,,1.4,0.9,1.5,1.0,,
68345,0.2,,0.2,0.3,0.3,0.4,,
68346,0.4,,0.6,0.5,0.5,0.6,,
68347,0.4,,0.6,0.5,0.8,0.6,,
68348,0.6,,0.9,1.2,0.8,0.7,,
68349,0.4,,0.6,0.5,0.6,0.6,,
68350,0.5,,0.7,0.6,0.8,0.6,,
68351,0.6,,1.0,1.1,0.9,0.8,,
68352,0.4,,0.6,0.6,0.4,0.4,,
68353,0.5,,0.9,0.7,0.7,0.7,,
68978,15.0,1.7,35.0,120.0,11.0,2.0,,
68992,2.6,10.0,17.0,17.0,12.0,15.0,,
69028,1.0,2.6,2.1,1.0,53.0,2.6,,
69302,0.6,1.0,0.5,0.4,0.8,0.6,1.1,1.1
73147,0.8,7.0,3.1,2.6,71.0,4.0,,
73177,0.7,1.2,1.2,0.7,1.5,0.8,,
73199,33.0,38.0,19.0,90.0,9.3,74.0,,
73473,0.2,0.6,0.5,0.5,0.6,0.5,,
73534,1.1,1.0,1.0,0.9,1.0,0.8,,
73536,0.9,,0.7,0.7,1.0,0.7,,
73538,0.9,0.9,0.7,0.8,0.9,0.9,,
73540,1.6,,3.7,2.0,13.0,3.7,,
73544,0.4,,0.6,0.4,1.0,0.5,,
73548,6.9,16.0,14.0,47.0,40.0,24.0,,
73552,44.0,187.0,400.0,139.0,114.0,59.0,,
73554,146.0,53.0,26.0,198.0,32.0,11.0,,
73556,37.0,,18.0,100.0,19.0,18.0,,
73558,1.2,3.1,2.8,1.2,5.5,3.2,,
73560,3.5,28.0,30.0,52.0,44.0,98.0,,
73562,0.8,0.7,0.9,0.4,1.5,1.1,,
73564,43.0,,6.8,29.0,13.0,31.0,,
73568,187.0,70.0,31.0,306.0,51.0,11.0,,
73570,43.0,,19.0,67.0,32.0,15.0,,
73699,0.6,,0.8,0.9,1.1,1.0,,
73700,0.3,,0.6,0.7,0.7,0.9,,
73701,0.4,,0.7,0.6,0.7,0.7,,
73705,0.4,,0.8,0.5,0.8,0.6,,
73706,1.1,,1.4,1.1,1.9,0.8,,
74014,0.3,56.0,13.0,4.3,68.0,4.2,,
74884,0.3,,0.5,0.5,0.7,0.6,,
74914,2.8,,16.0,53.0,20.0,9.4,,
74920,3.2,,20.0,43.0,23.0,8.5,,
74926,8.0,,139.0,108.0,136.0,66.0,,
74934,37.0,,20.0,252.0,35.0,25.0,1.2,15.0
74938,22.0,,55.0,121.0,186.0,226.0,,
74950,2.3,,11.0,24.0,13.0,2.0,,
74962,0.4,,0.3,0.3,0.5,0.4,,
74968,4.2,,24.0,59.0,36.0,6.7,,
74976,11.0,,20.0,37.0,91.0,81.0,,
74990,29.0,,35.0,209.0,54.0,0.7,1.7,9.3
74996,2.1,,0.7,0.8,1.3,0.5,,
75020,0.8,,0.8,0.7,1.0,0.6,,
75034,0.6,,0.6,0.5,0.6,0.5,,
75040,5.5,,12.0,6.2,35.0,26.0,,
75042,6.3,,44.0,30.0,73.0,164.0,,
75046,0.7,,0.4,0.5,0.5,0.5,,
75054,0.5,,0.4,0.3,0.4,0.5,,
75056,13.0,,43.0,108.0,17.0,2.5,,
75058,0.4,,0.9,0.6,1.1,1.0,,
75060,0.8,,2.7,6.3,4.1,0.5,,
75066,0.7,,0.8,1.0,1.3,0.6,,
75072,0.5,,0.8,0.5,1.0,0.7,,
75074,0.8,,2.1,7.4,4.5,0.7,,
75078,1.6,,11.0,13.0,15.0,3.0,0.8,0.4
75082,6.1,,164.0,87.0,228.0,376.0,1.5,1.4
75088,15.0,,137.0,218.0,97.0,461.5,0.4,5.8
75090,0.4,,0.4,0.4,0.5,0.4,,
75096,2.1,,3.3,2.7,2.1,0.2,0.4,0.5
75100,3.2,,13.0,3.3,42.0,4.2,,
75104,5.9,,80.0,43.0,110.0,23.0,3.2,2.0
75108,3.3,,34.0,46.0,59.0,13.0,,
75112,0.6,,0.6,0.6,0.5,0.7,,
75114,0.4,,0.3,0.3,0.4,0.6,,
75118,0.9,,0.8,0.8,1.2,0.6,,
75126,0.4,,0.5,0.4,0.5,0.4,,
75128,0.4,,0.4,0.4,0.5,0.6,,
75132,2.8,,9.9,22.0,20.0,3.3,,
75718,1.4,1.2,1.5,1.1,1.5,0.7,,
75738,9.6,37.0,18.0,37.0,14.0,34.0,,
75788,31.0,1.2,37.0,170.0,8.3,1.6,,
75790,4.3,3.2,4.3,3.2,8.3,9.7,,
76230,0.2,0.5,0.4,0.4,0.6,0.6,,
77317,400.0,210.0,18.0,60.0,51.0,32.0,,
77321,120.0,98.0,24.0,140.0,65.0,58.0,3.3,
77331,55.0,47.0,16.0,76.0,33.0,6.5,,
77379,50.0,21.0,46.0,280.0,75.0,7.2,,
77417,0.7,0.6,0.7,0.7,0.9,0.8,0.9,
77711,13.0,47.0,21.0,27.0,36.0,55.0,3.5,
78856,1.0,0.9,0.9,0.7,1.3,1.0,1.3,
79040,0.7,0.9,1.2,0.7,1.7,0.9,0.9,
79370,0.5,0.5,0.5,0.4,0.4,0.4,0.5,
79458,,2.6,49.0,36.0,55.0,92.0,2.8,
80984,0.9,,1.3,,2.4,1.1,,
80986,0.8,,1.1,,1.8,1.0,,
80988,0.4,,0.5,,0.4,0.5,,
80990,0.6,,0.9,,1.4,0.9,,
80992,0.6,,0.6,,0.8,0.5,,
80994,0.4,,0.6,,1.1,0.5,,
80996,0.4,,0.5,,0.8,0.6,,
80998,0.6,,0.9,,1.3,0.8,,
81000,0.5,,0.7,,0.8,0.7,,
81002,0.2,,0.4,,0.4,0.2,,
81004,0.3,,0.4,,0.5,0.6,,
81006,0.4,,0.4,,0.6,0.6,,
81008,0.7,,0.4,,1.0,0.4,,
81010,0.5,,0.4,,0.7,0.6,,
81012,0.5,,0.3,,0.7,0.7,,
81014,2.0,,1.3,,3.8,1.3,,
81018,0.4,,0.4,,0.7,0.7,,
81781,0.5,,0.5,0.5,0.6,0.4,,
81782,2.2,,2.3,4.5,7.4,0.2,,
81783,1.7,,,5.8,19.2,0.1,,
81784,1.0,,1.4,0.9,1.9,0.9,,
81785,,,2.3,3.3,2.3,0.6,,
81786,1.6,,4.1,2.9,9.0,1.8,,
81787,1.1,,1.1,1.0,1.6,1.0,,
81788,0.3,,0.6,1.2,0.5,0.4,,
81789,1.1,,1.6,1.7,1.8,0.7,,
81793,1.1,3.3,4.0,1.8,8.5,3.2,1.9,
81795,1.2,2.6,3.5,1.9,3.5,0.5,2.4,
81797,0.9,1.3,1.2,0.8,1.7,0.9,1.6,
81799,6.6,23.0,11.0,5.3,56.0,12.0,4.8,
81801,0.7,1.1,1.2,1.6,1.6,0.4,0.3,
81803,14.0,120.0,140.0,99.0,110.0,500.0,,
81805,300.0,500.0,62.0,120.0,160.0,500.0,,
81809,19.0,53.0,15.0,130.0,28.0,87.0,,
81813,400.0,400.0,33.0,400.0,91.0,400.0,200.0,
81815,25.0,32.0,24.0,47.0,41.0,200.0,35.0,
81817,34.0,112.0,23.0,72.0,128.0,400.0,93.0,
81819,40.0,58.0,9.4,116.0,67.0,400.0,29.0,
81821,3.9,3.2,6.5,4.3,17.0,23.0,35.0,
81823,3.8,6.8,9.2,4.1,21.0,18.0,17.0,
81831,5.0,7.3,9.9,4.9,11.0,1.3,,
81835,0.4,4.1,0.4,0.3,0.6,0.5,,
81837,21.0,60.0,31.0,110.0,81.0,77.0,,
81839,0.3,0.6,0.4,0.4,0.7,0.6,,
81841,0.9,1.0,0.8,0.9,1.1,0.8,0.8,
81843,5.3,32.0,24.0,8.5,91.0,300.0,,
81847,7.8,63.0,21.0,35.0,54.0,64.0,,
81849,2.5,10.0,9.6,6.8,15.0,2.9,,
81851,0.6,0.5,0.6,0.3,0.7,0.3,,
81853,1.7,1.3,1.4,1.0,1.1,0.8,,
81855,0.2,0.3,0.3,0.2,0.3,0.3,,
81857,0.8,0.6,0.7,0.8,1.4,0.5,,
81859,0.4,0.4,0.5,0.5,0.5,0.6,,
81861,0.9,0.9,0.9,0.6,0.7,0.6,,
81863,0.5,1.2,1.0,1.0,1.4,0.8,,
81865,0.7,0.7,0.6,0.7,0.7,0.7,0.8,
81867,14.0,13.0,42.0,67.0,58.0,18.0,,
81869,1.3,3.1,4.6,2.9,3.7,0.9,0.4,
81871,4.6,208.0,6.7,7.5,6.6,0.9,0.6,
81873,0.8,1.1,1.1,1.1,1.5,1.6,,
81875,29.0,4.5,26.0,160.0,44.0,1.6,,
81879,0.6,0.8,1.0,0.6,1.4,0.9,0.9,
81881,5.5,2.7,6.3,4.7,9.1,2.5,,
81883,0.7,0.9,0.7,1.0,1.0,0.6,,
81885,0.6,0.6,0.8,0.6,1.4,0.7,0.9,
81887,6.0,10.0,7.9,11.0,13.0,3.9,0.7,
81889,1.0,1.2,1.5,0.8,1.6,0.8,0.8,
81895,57.0,69.0,21.0,33.0,47.0,3.5,4.4,
81897,3.8,61.0,33.0,44.0,62.0,39.0,3.4,
81899,5.6,65.0,150.0,75.0,89.0,59.0,,
81901,5.2,110.0,9.8,13.0,6.4,2.6,0.9,
81905,1.5,1.0,1.2,0.8,1.7,0.9,1.1,
81907,0.8,0.6,1.2,1.3,1.6,1.5,1.6,
81911,24.0,2.2,500.0,240.0,56.0,2.0,0.8,
81915,0.5,0.9,0.9,0.7,0.5,0.8,,
81917,9.0,170.0,500.0,72.0,130.0,500.0,,
81919,0.6,0.7,0.8,0.9,1.0,1.0,,
81921,0.8,0.8,0.6,0.7,0.4,0.9,1.2,
81923,0.8,1.1,1.0,1.0,2.0,0.8,,
81925,61.0,90.0,39.0,500.0,51.0,184.0,,
81927,6.2,14.0,8.1,5.6,19.0,26.0,2.7,
81929,1.1,1.4,1.7,1.3,2.8,1.8,1.2,
81931,33.0,29.0,20.0,38.0,48.0,93.0,,
81937,4.6,8.1,7.9,8.3,14.0,22.0,,
81939,9.6,30.0,42.0,14.0,48.0,66.0,,
81941,22.0,38.0,15.0,34.0,30.0,66.0,,
81945,2.6,76.0,4.2,3.6,8.3,1.6,,
81947,2.2,10.0,21.0,25.0,13.0,5.0,,
82015,1.2,2.1,1.8,1.5,6.5,2.2,2.4,
82065,18.0,160.0,154.0,96.0,154.0,1000.0,6.0,7.9
82135,15.0,2.4,35.0,143.0,17.0,6.3,0.6,
82251,55.0,6.8,16.0,500.0,8.4,0.5,3.4,16.0
86640,47.0,423.0,500.0,249.0,192.0,1000.0,4.3,26.0
86650,23.0,153.0,65.0,54.0,182.0,14.0,200.0,6.2
86662,14.0,51.0,104.0,76.0,191.0,24.0,3.3,2.3
86676,4.1,46.0,57.0,58.0,12.0,1000.0,16.0,3.9
86690,19.0,85.0,49.0,114.0,70.0,45.0,1.3,15.0
86742,400.0,283.0,17.0,500.0,49.0,61.0,4.0,500.0
86834,400.0,53.0,33.0,76.0,53.0,62.0,200.0,36.0
86890,36.0,700.0,500.0,263.0,600.0,1000.0,3.6,10.0
87104,0.2,0.4,0.5,0.6,0.9,0.4,0.7,0.4
89032,63.0,206.0,,206.0,166.0,,6.4,
89034,1.6,0.9,0.8,1.3,1.6,1.4,1.1,1.4
89036,1.3,78.0,64.0,35.0,42.0,,0.6,
89038,5.6,98.0,16.0,49.0,149.0,29.0,1.6,0.8
89040,8.0,9.4,13.0,6.2,19.0,19.0,2.8,2.3
89042,26.0,122.0,20.0,48.0,38.0,99.0,6.0,
89044,45.0,161.0,148.0,133.0,308.0,,,
89048,11.0,59.0,16.0,56.0,61.0,68.0,,3.7
89050,15.0,141.0,82.0,114.0,94.0,,36.0,
89052,6.7,14.0,5.6,14.0,13.0,11.0,11.0,
89056,20.0,285.0,70.0,154.0,185.0,,6.2,
89938,1.3,24.0,21.0,34.0,37.0,156.0,1.0,0.7
89940,21.0,41.0,179.0,27.0,102.0,,2.0,
89942,64.0,39.0,56.0,189.0,119.0,30.0,1.6,
89946,0.7,1.0,1.0,0.5,38.0,0.8,0.3,
89948,7.3,3.2,1.4,2.1,4.4,3.9,1.5,3.4
89952,57.0,35.0,21.0,103.0,16.0,5.0,30.0,36.0
89954,116.0,178.0,21.0,78.0,,,0.9,
89956,119.0,311.0,109.0,292.0,250.0,50.0,2.8,
89958,89.0,96.0,94.0,314.0,157.0,,10.0,
89960,18.0,,82.0,29.0,,,20.0,
89962,6.9,22.0,18.0,5.4,7.2,120.0,0.9,2.2
89964,2.1,6.4,4.8,2.5,15.0,6.0,1.9,1.6
89966,14.0,15.0,23.0,91.0,35.0,9.8,1.5,4.6
89968,15.0,9.3,14.0,16.0,23.0,4.9,1.0,
89970,6.8,24.0,71.0,17.0,55.0,,1.6,
89972,1.5,2.4,4.3,1.8,22.0,3.0,0.8,
89974,,172.0,54.0,256.0,204.0,79.0,,
89976,12.0,6.8,13.0,16.0,16.0,1.7,0.9,
89978,,91.0,20.0,189.0,43.0,9.6,,
89982,6.9,139.0,40.0,103.0,91.0,44.0,2.1,
89984,1.8,1.5,1.9,1.7,2.0,2.1,3.0,1.7
89986,4.2,16.0,17.0,8.9,49.0,21.0,0.9,1.4
89988,21.0,13.0,8.6,5.9,13.0,2.0,3.0,
89990,16.0,187.0,102.0,98.0,109.0,,,
89992,8.5,138.0,98.0,77.0,90.0,,1.1,
89994,0.9,17.0,17.0,19.0,15.0,4.0,1.1,
89996,47.0,213.0,162.0,111.0,204.0,,2.0,
89998,15.0,130.0,105.0,213.0,187.0,66.0,16.0,
90000,7.0,33.0,41.0,17.0,57.0,63.0,3.5,
90004,7.6,,,151.0,165.0,,1.3,
90006,90.0,180.0,24.0,80.0,60.0,158.0,17.0,22.0
90010,5.2,7.6,12.0,4.6,46.0,5.7,5.1,
90012,0.8,2.7,4.0,1.0,22.0,2.0,0.9,
90014,46.0,60.0,58.0,113.0,92.0,43.0,2.9,
90016,38.0,434.0,89.0,158.0,121.0,,9.1,
90018,2.4,9.5,12.0,4.5,33.0,16.0,1.3,
90020,23.0,70.0,34.0,116.0,89.0,22.0,2.6,
90022,,,36.0,,,,7.5,491.0
90024,4.5,9.1,15.0,16.0,15.0,1.9,1.8,
90028,1.6,3.5,2.4,1.2,74.0,2.9,0.9,
90032,13.0,13.0,18.0,38.0,15.0,1.6,8.9,
97968,31.0,15.0,29.0,30.0,31.0,9.7,2.2,3.5
98020,400.0,50.0,7.4,28.0,217.0,104.0,1.0,51.0
98102,1.2,7.7,5.2,1.6,15.0,11.0,0.6,0.8
98114,60.0,58.0,6.1,22.0,600.0,23.0,0.9,16.0
98512,0.9,0.9,1.0,1.0,1.7,1.0,1.4,0.8
98595,21.0,,38.0,14.0,64.0,24.0,,
98596,12.0,,6.4,2.9,86.0,68.0,,
98597,30.0,9.1,5.5,2.3,70.0,115.0,,
98598,53.0,19.0,5.5,5.1,286.0,242.0,,
98599,18.0,5.0,5.7,2.8,91.0,121.0,,
98600,33.0,52.0,138.0,16.0,600.0,1000.0,,
98601,400.0,700.0,400.0,59.0,600.0,1000.0,,
98602,47.0,63.0,73.0,14.0,600.0,1000.0,,
98603,400.0,25.0,400.0,210.0,600.0,1000.0,,
98604,43.0,700.0,178.0,50.0,196.0,1000.0,,
98605,141.0,21.0,152.0,104.0,210.0,69.0,,
98607,8.6,,4.1,1.6,74.0,56.0,,
102765,0.7,0.7,0.8,0.6,1.0,0.9,,
102767,0.4,0.6,0.5,0.4,0.5,0.6,,
102769,0.4,1.2,1.0,0.8,1.3,0.8,,
102771,1.0,1.9,1.7,2.0,3.2,1.1,,
102773,0.5,0.7,0.9,0.7,1.0,0.6,,
102775,1.0,0.9,1.1,0.8,1.4,0.9,,
102777,0.6,1.1,0.9,0.9,1.2,0.9,,
102779,0.6,1.0,1.1,0.9,1.1,1.0,,
102781,0.9,0.9,0.8,1.0,0.9,0.7,,
102783,0.2,0.4,0.4,0.3,0.9,0.4,,
102793,2.8,9.7,0.2,,0.6,0.3,,
102794,0.1,5.4,1.7,,6.8,0.7,,
102796,0.2,0.5,0.2,,0.2,0.3,,
102798,9.4,121.0,24.0,,58.0,83.0,,
103055,15.0,141.0,154.0,126.0,106.0,1000.0,1.3,4.8
103057,49.0,121.0,500.0,500.0,600.0,38.0,28.0,32.0
103067,400.0,700.0,65.0,500.0,107.0,1000.0,9.1,500.0
103099,1.8,5.1,7.2,2.2,7.1,2.7,1.2,1.1
103185,44.0,15.0,50.0,118.0,66.0,28.0,12.0,16.0
103235,2.8,38.0,23.0,47.0,64.0,23.0,3.3,1.6
105304,46.0,400.0,72.0,125.0,99.0,120.0,200.0,
105306,93.0,83.0,10.0,76.0,15.0,60.0,7.5,
105310,8.0,51.0,57.0,97.0,600.0,1000.0,1.1,1.1
105312,160.0,700.0,220.0,200.0,160.0,1000.0,200.0,
105314,12.0,15.0,21.0,76.0,28.0,20.0,,
105316,11.0,100.0,54.0,43.0,47.0,1000.0,2.0,
105320,1.4,265.0,79.0,56.0,600.0,132.0,9.1,2.0
105350,,,,,,,11.0,13.0
107977,26.0,11.0,500.0,500.0,78.0,17.0,1.9,3.7
107979,1.1,1.5,1.8,1.4,2.2,2.1,1.0,
107981,4.7,173.0,6.6,12.0,13.0,3.6,1.2,1.7
107989,5.9,56.0,12.0,74.0,25.0,1000.0,1.7,2.5
108903,2.0,3.0,2.5,3.8,7.9,4.4,1.8,0.7
109157,1.3,1.0,0.8,1.1,1.3,1.0,1.2,1.2
109390,0.7,0.9,0.7,0.7,1.0,1.1,1.4,0.9
109392,1.0,1.0,0.7,0.8,0.9,1.1,0.9,1.1
109394,1.3,1.0,1.9,0.9,5.5,1.4,0.8,1.1
109396,0.7,0.8,1.1,0.7,1.4,0.8,0.7,0.8
109398,0.9,0.7,0.7,0.7,1.1,0.9,0.7,0.9
109400,2.7,2.7,2.8,2.8,2.7,1.9,3.5,2.3
109402,0.6,0.9,0.6,0.6,1.0,0.9,0.9,0.6
109404,0.6,0.7,0.6,0.8,0.8,0.9,0.9,0.7
109406,0.4,0.8,0.6,0.4,1.3,0.9,0.8,0.7
109408,0.8,2.5,2.3,1.1,72.0,1.7,0.5,0.4
109410,0.9,1.1,1.2,1.0,2.5,1.0,1.3,0.8
109412,1.2,0.9,0.9,1.0,1.3,0.9,0.9,0.8
109414,0.8,0.5,0.7,0.5,1.1,0.7,0.6,0.7
109416,2.0,2.2,4.1,1.7,15.0,0.9,0.9,0.5
109418,0.6,0.7,0.7,0.3,1.2,0.5,0.8,0.5
109420,0.7,0.8,0.9,0.5,1.5,0.8,0.7,0.7
109422,0.6,0.5,0.6,0.4,1.1,0.5,0.5,0.4
109424,1.1,1.0,0.9,1.2,1.6,1.0,1.2,1.2
109428,0.5,0.7,0.7,0.7,1.0,0.8,0.7,0.8
109430,1.1,1.1,1.4,0.8,1.9,0.9,1.5,0.6
109434,0.8,0.7,0.9,0.7,1.3,0.5,0.9,0.7
109436,0.6,0.7,0.8,0.6,0.6,0.9,0.7,0.7
109438,0.3,0.3,0.4,0.5,0.5,0.5,0.5,0.6
109442,1.0,1.2,1.4,1.3,1.2,0.8,1.7,0.7
109444,1.2,1.7,1.7,1.1,1.6,1.2,2.4,1.0
109446,0.9,1.1,1.6,1.3,1.4,1.1,1.4,1.0
109450,0.6,0.8,0.8,0.6,0.8,0.6,0.6,0.6
109452,0.5,1.1,1.0,0.6,1.0,0.7,1.1,0.7
109454,0.7,0.9,1.3,0.9,1.5,0.6,0.8,0.5
109456,1.0,0.9,0.8,1.3,1.1,1.0,1.4,1.0
109458,0.2,0.7,0.4,0.6,0.4,0.7,1.0,0.8
109460,0.8,0.6,1.0,1.0,1.4,1.1,1.2,0.7
109462,0.7,0.6,0.6,0.6,0.7,0.6,0.7,0.6
109464,3.9,3.7,3.6,3.1,8.6,8.1,1.2,3.3
109466,0.8,1.3,1.8,0.9,1.4,1.4,1.1,0.8
109468,1.0,1.0,1.0,0.8,1.7,1.2,1.3,0.9
109472,0.9,0.9,1.1,0.7,1.4,0.9,1.2,0.7
109474,0.9,1.1,1.0,0.8,1.9,0.9,1.1,0.6
109476,1.1,0.7,0.9,1.0,1.8,0.5,0.8,0.7
109480,2.2,2.2,3.4,1.2,2.8,1.5,1.6,1.0
109482,0.4,0.6,0.7,0.4,0.9,0.6,0.5,0.7
109484,0.4,0.6,0.7,0.5,1.0,0.5,0.4,0.3
112373,43.0,141.0,24.0,69.0,45.0,71.0,1.2,
112375,14.0,57.0,117.0,105.0,99.0,292.5,1.4,
112377,28.0,33.0,16.0,70.0,26.0,62.0,5.0,
112379,6.5,9.8,6.6,3.5,8.2,9.1,0.7,
112381,30.0,2.3,7.1,80.0,3.2,1.4,0.5,
112383,2.0,3.6,6.8,3.4,14.0,3.6,0.5,
112385,20.0,39.0,58.0,130.0,103.0,73.0,0.9,
112387,8.7,6.8,10.0,61.0,16.0,4.8,2.9,
112389,1.6,1.7,1.4,1.6,3.3,1.2,1.5,
112391,2.2,1.4,4.2,21.0,9.4,1.1,0.7,
112393,13.0,18.0,9.5,67.0,22.0,30.0,7.7,
112395,1.0,1.1,1.0,1.0,1.3,1.5,1.3,
112397,9.6,0.6,4.4,9.8,1.1,0.8,0.4,
112399,25.0,7.2,8.5,20.0,11.0,4.9,3.7,
112401,99.0,132.0,92.0,166.0,90.0,52.0,3.9,
112403,4.3,13.0,16.0,37.0,20.0,4.5,1.4,
112405,3.1,3.9,3.7,15.0,5.4,7.2,2.7,
112407,26.0,253.0,98.0,82.0,185.0,292.0,5.8,
112409,81.0,51.0,194.8,261.6,102.0,257.0,0.7,
112411,17.0,45.0,194.8,148.0,251.2,74.0,3.3,
112413,15.0,204.0,91.0,54.0,178.0,84.0,28.0,
112415,10.0,32.0,47.0,87.0,42.0,54.0,12.0,
112417,1.3,2.0,2.2,1.3,6.1,3.1,1.2,
112419,0.7,1.3,1.0,0.6,21.0,1.1,0.6,
112421,6.3,5.3,4.7,6.2,9.1,1.5,2.5,
112423,85.0,308.5,194.8,156.0,251.2,257.0,50.0,
112425,50.0,8.7,3.4,12.0,13.0,28.0,3.7,
112427,81.0,3.2,1.8,36.0,67.0,10.0,0.6,
112431,11.0,23.0,33.0,49.0,53.0,41.0,7.9,
112433,1.9,5.9,7.3,10.0,13.0,2.9,1.9,
112435,123.9,23.0,33.0,261.6,68.0,7.0,2.7,
112437,125.6,56.0,19.0,130.0,26.0,14.0,4.3,
112439,25.0,20.0,2.0,9.1,8.5,35.0,1.5,
112441,4.0,3.3,4.6,20.0,10.0,1.5,1.5,
112443,123.9,96.0,194.8,261.6,213.0,143.0,2.2,
112445,137.1,70.0,171.7,248.0,118.0,67.0,3.1,
112447,9.4,19.0,56.0,82.0,65.0,42.0,1.3,
112449,19.0,62.0,120.0,142.0,104.0,249.8,1.2,
112451,1.1,6.5,2.6,1.7,80.0,4.4,1.2,
112453,103.0,18.0,17.0,96.0,26.0,6.5,3.2,
112455,21.0,20.0,17.0,149.0,33.0,43.0,6.8,
112457,3.5,30.0,14.0,7.8,58.0,76.0,1.0,
112460,29.0,2.2,0.9,9.2,9.4,8.4,0.3,
112464,0.6,1.3,0.8,0.6,20.0,1.3,0.3,
112466,5.1,34.0,60.0,69.0,51.0,334.4,0.4,
112468,2.0,2.8,4.6,2.3,8.0,2.0,0.6,
112470,11.0,48.0,37.0,72.0,21.0,2.3,1.1,
112472,112.0,2.3,8.8,90.0,5.8,1.3,1.7,
112474,0.7,1.9,1.1,0.6,20.0,0.8,0.5,
112476,8.8,30.0,234.7,91.0,162.0,266.5,1.8,
112478,2.8,26.0,25.0,36.0,41.0,348.9,0.5,
112482,0.5,0.9,0.7,0.4,1.7,0.8,0.6,
112484,3.1,14.0,6.9,3.6,12.0,42.0,0.6,
112486,1.8,7.3,11.0,18.0,19.0,8.4,0.9,
112488,73.0,22.0,6.8,7.8,33.0,54.0,2.8,
112490,0.9,1.3,1.1,0.8,2.8,1.5,1.0,
112492,38.0,40.0,35.0,123.0,63.0,36.0,7.3,
112494,46.0,99.0,74.0,180.0,141.0,69.0,8.3,
112496,50.0,39.0,15.0,113.0,20.0,89.0,13.0,
112500,4.2,101.0,89.0,86.0,96.0,257.0,1.3,
112502,76.0,120.0,34.0,109.0,62.0,266.5,5.1,
112506,8.8,22.0,67.0,79.0,91.0,45.0,4.0,
112508,7.5,2.1,2.5,2.5,9.7,4.9,1.4,
112510,2.3,6.2,13.0,3.2,26.0,7.1,1.0,
112512,15.0,27.0,9.7,16.0,25.0,17.0,1.8,
112516,31.0,7.6,3.3,9.7,8.0,19.0,1.7,
112518,29.0,11.0,25.0,64.0,20.0,1.1,5.3,
112520,25.0,3.3,17.0,27.0,15.0,9.9,1.1,
112522,28.0,7.4,44.0,89.0,61.0,3.4,3.4,
112524,6.4,43.0,26.0,16.0,63.0,199.0,1.3,
112526,140.0,123.0,220.0,313.8,208.0,348.9,1.7,
112528,122.0,184.0,234.7,313.3,282.0,266.5,1.1,
112530,19.0,12.0,4.6,45.0,13.0,30.0,14.0,
112532,20.0,25.0,19.0,60.0,21.0,78.0,46.2,
112534,17.0,67.0,43.0,73.0,37.0,292.5,6.1,
112536,112.0,112.0,223.9,324.3,202.0,292.5,0.9,
112540,7.1,143.0,50.0,116.0,47.0,292.5,1.2,
112542,28.0,38.0,90.0,171.0,138.0,104.0,6.0,
112544,1.6,6.0,8.4,2.1,14.0,11.0,0.7,
112548,27.0,7.2,12.0,21.0,26.0,1.0,3.2,
112552,54.0,128.0,139.0,122.0,211.0,130.0,4.0,
112556,8.9,81.0,39.0,91.0,76.0,108.0,1.8,
112558,123.9,3.3,11.0,60.0,11.0,15.0,2.9,
112560,44.0,11.0,19.0,92.0,23.0,20.0,1.0,
112562,1.4,2.2,2.5,1.7,8.7,3.2,1.5,
112566,24.0,164.0,98.0,107.0,64.0,249.8,6.0,
112568,85.0,16.0,1.7,23.0,98.0,41.0,0.5,
112570,1.1,2.0,1.1,0.8,34.0,0.7,0.5,
112572,54.0,34.0,4.4,8.3,32.0,12.0,1.3,
112574,144.4,355.6,73.0,376.1,223.0,337.4,26.0,
112578,3.9,54.0,60.0,59.0,75.0,308.7,0.7,
112580,159.4,41.0,28.0,111.0,43.0,44.0,4.3,
112584,6.6,17.0,32.0,80.0,45.0,11.0,0.7,
112586,1.9,11.0,15.0,35.0,32.0,16.0,4.1,
112588,29.0,91.0,8.6,14.0,323.0,318.0,0.7,
112590,0.8,2.4,2.3,1.2,41.0,1.8,0.5,
112592,116.0,308.5,79.0,136.0,251.2,257.0,33.0,
112594,68.0,4.7,14.0,136.0,15.0,0.9,2.4,
112600,118.0,177.0,48.0,153.0,90.0,54.0,7.1,
112853,7.5,83.0,64.0,93.0,62.0,266.5,1.1,
112855,6.9,105.0,160.0,49.0,118.0,266.5,1.0,
112857,3.5,3.3,5.4,21.0,10.0,3.4,1.3,
112859,5.4,171.0,135.0,105.0,118.0,266.5,0.5,
112863,79.0,223.0,91.0,198.0,100.0,249.8,4.5,
112867,1.6,1.6,1.9,1.8,2.0,2.9,1.8,
112871,1.2,1.4,1.6,1.2,3.2,1.9,1.3,
112877,22.0,115.0,66.0,118.0,122.0,119.0,6.3,
112879,4.2,52.0,51.0,91.0,60.0,33.0,0.9,
112881,5.7,6.1,15.0,12.0,22.0,1.3,1.7,
112883,22.0,23.0,32.0,145.0,78.0,104.0,3.5,
112885,34.0,226.0,239.9,376.1,271.6,337.4,6.9,
112887,18.0,93.0,122.0,134.0,61.0,280.0,2.7,
112889,25.0,335.6,209.1,259.5,213.9,280.0,1.3,
112891,134.0,85.0,209.1,188.0,213.9,79.0,46.2,
112895,7.4,9.1,20.0,6.2,37.0,90.0,1.6,
112897,59.0,17.0,21.0,226.0,29.0,280.0,0.8,
112899,8.4,33.0,19.0,64.0,48.0,5.5,1.0,
112901,3.4,4.3,12.0,33.0,19.0,28.0,0.6,
112902,4.0,5.6,7.6,3.8,7.1,25.0,1.3,
112904,144.3,31.0,109.0,259.5,92.0,27.0,8.6,
112906,1.3,6.1,8.1,7.6,11.0,8.2,0.8,
112908,137.1,7.2,75.0,153.0,134.0,70.0,24.0,
112910,16.0,14.0,11.0,12.0,13.0,3.2,2.1,
112912,60.0,8.8,16.0,120.0,44.0,0.9,4.6,
112918,72.0,101.0,176.0,148.0,156.0,280.0,10.0,
112922,17.0,96.0,45.0,104.0,34.0,280.0,1.3,
112924,1.7,6.6,9.7,23.0,14.0,1.1,2.5,
112926,2.8,8.0,12.0,35.0,16.0,3.8,0.5,
112928,56.0,46.0,43.0,70.0,44.0,18.0,9.5,
112930,32.0,94.0,34.0,110.0,74.0,270.7,2.9,
112934,43.0,12.0,19.0,106.0,19.0,337.4,0.3,
112936,1.6,36.0,29.0,52.0,56.0,84.0,3.7,
112938,93.0,30.0,45.0,155.0,40.0,115.0,4.3,
112940,101.0,3.4,4.3,55.0,7.3,6.8,2.9,
112942,8.5,76.0,87.0,85.0,67.0,337.4,1.0,
112944,12.0,23.0,29.0,61.0,25.0,4.8,3.7,
112946,6.4,97.0,101.0,48.0,69.0,280.0,0.7,
112948,9.5,74.0,91.0,85.0,40.0,255.0,2.3,
112950,78.0,43.0,171.7,285.7,176.0,11.0,11.0,
112954,11.0,8.1,28.0,142.0,24.0,2.5,0.5,
112956,19.0,133.0,106.0,136.0,184.0,135.0,5.1,
112958,23.0,242.0,171.7,235.0,202.0,270.7,2.7,
112960,20.0,76.0,34.0,66.0,30.0,270.5,3.1,
112962,16.0,21.0,8.2,4.0,33.0,26.0,0.2,
112964,97.0,82.0,121.0,285.7,115.0,270.7,0.9,
112970,18.0,13.0,40.0,96.0,67.0,5.3,6.6,
112972,18.0,84.0,49.0,85.0,37.0,270.7,2.3,
112973,4.3,11.0,22.0,40.0,28.0,41.0,1.4,
112975,4.9,75.0,138.0,46.0,52.0,249.8,2.9,
113048,89.0,89.0,11.0,71.0,74.0,70.0,1.2,48.0
113050,400.0,700.0,182.0,500.0,132.0,1000.0,0.9,500.0
113052,79.0,223.0,46.0,179.0,43.0,21.0,1.5,54.0
113054,9.1,12.0,12.0,22.0,8.8,1.1,7.3,2.5
113056,19.0,53.0,52.0,59.0,25.0,37.0,200.0,5.6
113058,83.0,46.0,51.0,135.0,26.0,66.0,0.7,45.0
113060,400.0,700.0,36.0,76.0,600.0,178.0,1.0,179.0
113062,13.0,151.0,43.0,73.0,21.0,9.7,200.0,5.7
113064,14.0,74.0,115.0,46.0,78.0,115.0,11.0,4.6
113192,35.0,700.0,500.0,133.0,212.0,1000.0,2.5,15.0
113194,1.5,1.3,1.4,0.9,1.7,1.4,1.4,1.4
115055,20.0,61.0,13.0,10.0,26.0,13.0,2.1,13.0
115057,5.0,7.8,18.0,65.0,58.0,6.7,0.8,1.0
115059,4.5,18.0,12.0,10.0,27.0,41.0,2.0,2.1
115061,4.6,19.0,24.0,76.0,70.0,20.0,0.7,0.7
115063,4.4,17.0,23.0,46.0,40.0,16.0,0.7,1.7
115065,114.0,700.0,222.0,234.0,178.0,1000.0,200.0,110.0
115067,7.0,126.0,88.0,50.0,123.0,47.0,3.9,2.6
115069,11.0,31.0,34.0,70.0,34.0,4.1,0.8,2.4
115071,73.0,700.0,42.0,83.0,54.0,47.0,17.0,53.0
115073,7.2,196.0,115.0,54.0,600.0,1000.0,1.6,1.2
115075,11.0,12.0,30.0,59.0,20.0,7.5,2.1,5.0
115077,2.9,24.0,30.0,39.0,71.0,18.0,3.2,1.1
115079,31.0,47.0,5.0,94.0,93.0,1000.0,0.5,30.0
115081,15.0,700.0,500.0,500.0,600.0,1000.0,4.8,3.1
115739,83.0,700.0,89.0,500.0,72.0,33.0,15.0,44.0
115741,17.0,43.0,37.0,80.0,53.0,14.0,2.5,5.6
115747,1.5,10.0,13.0,14.0,15.0,85.0,0.4,0.4
115749,28.0,72.0,64.0,123.0,63.0,138.0,4.9,2.4
115751,25.0,72.0,170.0,160.0,124.0,19.0,3.4,10.0
115755,1.0,700.0,94.0,50.0,60.0,1000.0,0.2,0.8
115776,1.2,1.3,1.6,1.3,2.3,1.5,1.4,1.0
115894,2.1,21.0,14.0,7.5,4.4,5.0,2.9,1.3
116491,128.0,114.0,73.0,84.0,163.0,1000.0,5.1,42.0
116493,0.6,0.8,0.7,0.5,1.0,0.6,0.6,0.4
116495,0.6,0.8,0.4,0.6,0.7,0.6,0.6,0.5
116497,0.5,0.7,0.6,0.8,0.8,0.5,0.6,0.4
116499,0.6,0.8,0.7,0.5,1.2,0.6,0.5,0.4
116501,0.6,0.7,0.8,0.4,1.4,0.7,0.7,0.4
116503,0.6,0.5,0.4,0.6,0.6,0.4,0.6,0.5
116505,0.5,0.7,0.8,0.6,1.0,0.5,0.7,0.3
116507,0.4,0.7,0.5,0.5,0.6,1.0,0.9,0.6
116509,0.8,0.8,1.2,0.5,1.5,0.7,0.6,0.6
116511,16.0,45.0,7.7,19.0,7.8,3.8,7.9,12.0
116513,4.7,16.0,23.0,9.3,30.0,1000.0,3.9,2.1
116515,0.6,0.6,0.6,0.5,1.0,0.5,0.8,0.5
116517,134.0,12.0,35.0,500.0,30.0,2.4,6.2,81.0
116519,8.8,5.2,3.0,29.0,13.0,1.2,0.3,4.7
116521,47.0,72.0,42.0,129.0,30.0,1000.0,11.0,9.6
116525,3.5,3.2,3.3,4.0,20.0,3.0,1.1,1.0
116527,84.0,315.0,7.2,45.0,60.0,53.0,4.9,94.0
116529,23.0,55.0,11.0,21.0,29.0,14.0,200.0,10.0
116912,0.6,0.7,0.6,0.6,0.7,0.7,0.8,0.4
116914,42.0,29.0,15.0,23.0,31.0,21.0,200.0,22.0
116918,31.0,23.0,9.4,17.0,18.0,33.0,0.9,9.5
116920,0.7,12.0,0.8,0.7,0.7,0.3,0.4,0.2
116922,160.0,184.0,29.0,51.0,79.0,27.0,28.0,97.0
116924,7.7,42.0,9.3,21.0,124.0,26.0,5.8,3.1
116926,1.5,19.0,0.5,1.5,1.1,0.4,0.6,0.4
116997,1.3,1.2,1.6,1.3,2.1,1.5,1.2,1.4
116999,27.0,7.4,22.0,500.0,14.0,0.5,5.3,7.0
117001,7.6,24.0,16.0,8.3,19.0,34.0,0.6,2.7
117003,6.7,11.0,9.5,12.0,6.9,12.0,1.1,1.9
117005,48.0,287.0,20.0,51.0,58.0,5.8,200.0,51.0
117007,0.6,0.6,0.4,0.6,0.7,0.5,0.6,0.6
117011,19.0,38.0,20.0,113.0,43.0,8.8,1.2,3.2
117013,1.4,1.3,1.0,1.2,1.7,1.6,1.3,1.4
117015,0.5,0.9,1.2,0.6,1.8,1.0,0.8,0.6
117019,0.5,0.7,0.6,0.6,0.5,0.9,0.9,0.8
117023,29.0,83.0,500.0,500.0,600.0,1000.0,0.4,14.0
117025,29.0,88.0,27.0,57.0,34.0,72.0,14.0,15.0
117027,34.0,44.0,46.0,500.0,600.0,23.0,2.2,7.8
117037,61.0,235.0,88.0,136.0,134.0,1000.0,4.0,62.0
117039,400.0,700.0,19.0,71.0,85.0,88.0,14.0,334.0
117045,1.2,0.8,1.0,0.9,1.4,0.8,0.8,0.7
117047,1.5,25.0,15.0,2.0,82.0,68.0,0.7,0.4
117049,1.5,3.1,3.0,1.3,7.1,3.6,1.0,1.1
117053,90.0,94.0,103.0,500.0,82.0,34.0,200.0,41.0
117055,1.1,1.7,0.9,0.7,15.0,1.0,1.3,0.7
117059,1.5,59.0,20.0,14.0,36.0,7.4,1.4,0.9
117061,114.0,70.0,57.0,287.0,10.0,15.0,200.0,75.0
117065,7.2,6.5,11.0,42.0,10.0,1.8,1.8,1.8
117067,2.4,8.8,21.0,25.0,24.0,7.4,4.6,1.3
117071,12.0,116.0,36.0,129.0,115.0,50.0,1.3,3.0
117073,0.4,1.7,2.3,4.7,3.6,1.3,0.8,0.8
117075,400.0,700.0,36.0,93.0,110.0,39.0,200.0,500.0
117077,70.0,153.0,18.0,54.0,43.0,33.0,4.3,49.0
117079,0.9,1.0,0.9,0.8,0.9,0.7,,
117081,3.2,6.9,19.0,2.5,62.0,8.9,1.0,
117083,4.5,10.0,8.6,16.0,12.0,1.1,,
117085,12.0,0.9,1.8,13.0,2.4,1.0,0.5,
117087,13.0,9.4,11.0,68.0,22.0,4.5,1.3,
117089,147.0,17.0,24.0,123.0,15.0,98.0,,
117091,157.0,82.0,26.0,117.0,56.0,128.0,,
117093,0.8,0.9,0.8,0.8,1.1,0.8,,
117097,1.6,0.9,1.3,1.3,1.8,0.9,,
117099,33.0,1.8,26.0,70.0,8.1,1.0,,
117103,1.5,2.2,5.2,1.9,11.0,2.5,,
117107,85.0,217.0,48.0,211.0,105.0,1000.0,12.0,
117109,21.0,24.0,15.0,78.0,25.0,15.0,,
117111,25.0,322.0,170.0,193.0,110.0,1000.0,32.0,
117115,1.0,1.6,2.3,1.3,3.7,0.8,0.6,
117117,0.9,1.0,1.2,1.0,1.9,1.1,1.0,
117119,91.0,700.0,77.0,256.0,142.0,1000.0,200.0,
117121,6.6,100.0,49.0,52.0,600.0,126.0,1.7,
117123,52.0,14.0,23.0,136.0,25.0,4.9,,
117125,1.1,0.9,0.9,0.8,1.1,0.7,,
117127,121.0,152.0,115.0,347.0,70.0,173.0,,
117137,2.2,161.0,13.0,8.0,8.3,1.3,4.5,0.7
117138,1.1,6.7,11.0,2.3,18.0,7.7,0.5,0.7
117139,1.4,46.0,38.0,34.0,29.0,1000.0,0.2,0.4
117141,31.0,206.0,24.0,116.0,55.0,14.0,5.5,27.0
117142,42.0,86.0,13.0,49.0,37.0,7.7,2.5,46.0
117145,4.6,1.9,23.0,18.0,9.3,3.0,0.6,1.5
117146,1.3,1.8,4.9,12.0,5.2,0.9,0.5,0.5
117147,1.2,3.4,4.8,1.6,9.3,3.7,0.6,0.6
122861,,,,,,,1.1,0.9
122863,,,,,,,1.0,1.1
122864,,,,,,,0.8,0.9
122865,,,,,,,0.6,0.4
122866,,,,,,,1.6,1.0
122867,,,,,,,0.6,1.0
122868,,,,,,,1.2,1.3
122869,,,,,,,0.7,0.8
122870,,,,,,,2.7,1.5
122871,,,,,,,2.1,1.6
122872,,,,,,,0.8,0.9
122873,,,,,,,1.3,1.5
122874,,,,,,,2.0,3.3
122875,,,,,,,0.8,1.0
122876,,,,,,,1.3,1.4
122877,,,,,,,0.8,1.1
122879,,,,,,,1.1,1.2
122880,,,,,,,1.3,1.4
122881,,,,,,,0.8,0.8
122882,,,,,,,1.0,1.0
122883,,,,,,,1.4,0.9
122884,,,,,,,0.7,0.7
122885,,,,,,,0.8,0.7
122886,,,,,,,0.7,0.6
122888,,,,,,,0.6,0.6
122889,,,,,,,1.1,0.7
123035,26.0,55.0,62.0,67.0,93.0,1000.0,7.6,
123039,,13.0,123.0,64.0,76.0,1000.0,,
123043,43.0,23.0,8.5,28.0,600.0,35.0,1.9,15.0
123047,87.0,27.0,23.0,145.0,33.0,8.7,1.5,80.0
123049,37.0,700.0,500.0,70.0,600.0,1000.0,200.0,25.0
123051,25.0,13.0,4.4,8.0,22.0,15.0,1.3,12.0
143328,1.8,12.0,5.4,,8.9,2.9,0.7,0.8
143330,83.0,30.0,77.0,500.0,41.0,0.6,7.3,18.0
143332,21.0,88.0,,103.0,600.0,1000.0,4.8,5.7
143334,64.0,159.0,,55.0,66.0,1000.0,2.1,29.0
143340,8.6,11.0,,9.6,36.0,33.0,5.9,4.6
143342,4.1,8.3,,3.0,118.0,5.7,2.1,1.2
143344,6.5,7.5,,18.0,9.5,14.0,1.7,2.1
143346,400.0,700.0,23.0,92.0,75.0,1000.0,3.8,500.0
143350,3.3,9.8,4.3,2.4,15.0,5.1,2.7,0.6
143352,140.0,347.0,59.0,500.0,97.0,62.0,200.0,114.0
143358,13.0,228.0,27.0,61.0,29.0,1000.0,3.8,5.6
143360,32.0,57.0,,103.0,12.0,65.0,5.2,8.1
143451,3.4,9.2,11.0,19.0,11.0,6.6,5.6,0.9
143453,4.3,2.9,3.4,2.8,4.9,3.2,0.4,1.0
143455,9.0,161.0,90.0,126.0,99.0,1000.0,0.5,1.4
143457,68.0,324.0,134.0,101.0,118.0,1000.0,200.0,20.0
143459,8.2,35.0,1.4,4.6,133.0,21.0,0.2,1.7
143461,55.0,100.0,11.0,58.0,43.0,1000.0,5.3,28.0
143463,18.0,70.0,37.0,15.0,80.0,35.0,2.0,8.0
143465,1.7,1.6,2.0,1.3,2.1,1.3,1.2,1.1
143467,14.0,1.7,1.8,4.6,2.5,1.6,1.7,3.6
143473,59.0,700.0,,500.0,600.0,1000.0,21.0,18.0
143474,1.1,1.5,1.4,0.7,19.0,0.6,0.4,0.5
143475,5.5,0.9,2.1,2.7,2.9,0.4,1.2,1.1
143486,400.0,111.0,47.0,500.0,51.0,1000.0,9.5,140.0
143488,148.0,90.0,22.0,70.0,52.0,66.0,12.0,127.0
144045,14.0,182.0,500.0,136.0,600.0,1000.0,5.1,11.0
145194,1.0,1.0,1.8,0.8,2.4,1.3,1.7,1.3
145196,20.0,11.0,,68.0,31.0,5.9,3.2,7.6
145198,6.6,6.1,,4.4,6.6,4.8,3.4,3.6
145200,29.0,9.7,,96.0,24.0,5.3,2.5,5.6
145202,0.3,0.7,,0.3,1.0,0.6,0.6,0.4
145206,14.0,18.0,,23.0,25.0,38.0,1.9,4.5
145208,0.9,0.8,0.7,0.8,1.0,0.9,1.2,0.7
145210,0.7,0.8,1.0,0.9,1.2,1.1,1.4,1.0
145679,0.9,1.4,1.4,0.9,1.8,1.3,1.0,0.8
145681,0.9,1.1,1.3,0.7,1.7,0.6,1.1,0.7
145683,0.4,0.6,0.7,0.7,0.8,0.6,0.5,0.3
145685,1.1,1.1,,1.1,1.4,1.3,1.2,0.9
145687,1.1,1.5,1.6,1.0,2.1,1.3,1.2,1.2
145691,4.0,17.0,18.0,64.0,7.9,1.9,0.8,1.1
145695,1.2,1.9,1.7,1.4,2.5,1.1,1.2,1.5
145697,0.7,0.8,1.1,1.1,1.7,0.8,1.3,0.5
145699,1.4,1.7,1.8,1.1,4.3,2.7,1.0,1.2
145701,1.0,1.0,1.2,0.9,1.0,0.8,0.9,1.0
145705,0.7,1.0,0.6,0.9,1.3,0.9,1.3,0.6
145707,0.2,0.5,0.4,0.3,0.3,0.5,0.5,0.7
145711,1.2,1.6,1.7,1.5,2.0,1.2,1.8,1.4
147545,26.0,700.0,76.0,130.0,132.0,1000.0,2.0,24.0
147548,4.1,4.6,30.0,65.0,12.0,1000.0,0.2,2.4
147550,400.0,101.0,24.0,500.0,47.0,36.0,200.0,500.0
147551,0.8,16.0,16.0,3.9,80.0,10.0,0.9,0.9
147552,130.0,49.0,160.0,500.0,53.0,1000.0,1.7,54.0
147554,54.0,29.0,8.8,44.0,6.3,94.0,5.8,17.0
147556,17.0,7.7,500.0,500.0,31.0,8.2,1.4,3.6
147975,14.0,181.0,216.0,92.0,600.0,1000.0,19.0,8.1
147977,0.8,1.0,1.0,0.6,2.1,1.1,0.8,0.5
147979,0.8,0.5,0.8,0.8,1.1,0.7,0.8,0.6
147981,1.0,0.8,1.1,1.1,0.9,1.6,0.9,1.3
147985,1.3,2.9,2.3,1.1,16.0,2.1,1.2,0.7
147987,1.6,1.0,1.4,1.2,2.3,1.1,1.0,0.8
147989,0.9,1.2,1.1,1.1,1.4,1.1,1.6,1.2
147991,12.0,24.0,71.0,24.0,40.0,1000.0,13.0,4.1
147995,0.8,0.6,0.9,0.4,0.8,0.5,0.7,0.5
147997,0.7,1.2,1.1,1.0,1.7,1.3,1.3,1.0
147999,0.4,0.7,0.6,0.5,0.6,0.6,0.7,0.5
148001,0.7,0.9,1.0,0.8,1.1,0.6,0.8,0.6
148003,0.4,0.7,0.7,0.6,0.7,0.6,0.5,0.5
148005,0.7,0.9,0.7,0.4,1.3,0.8,0.9,0.8
148007,1.3,0.9,1.3,1.2,1.6,0.8,1.1,0.8
148009,1.4,1.1,1.0,1.0,1.3,1.3,1.6,1.1
148011,1.3,0.9,1.2,1.1,1.6,1.0,0.8,0.7
148013,0.6,0.7,0.6,0.6,1.2,0.7,0.9,0.6
148017,0.4,0.9,0.5,0.7,0.7,0.7,0.7,0.8
148019,0.5,0.7,0.6,0.5,1.0,0.6,0.5,0.5
148021,6.3,3.1,3.8,7.9,4.4,3.4,1.3,1.3
148023,0.8,1.4,1.2,1.2,1.1,0.8,0.9,0.7
148025,0.7,1.3,1.4,1.3,1.7,0.9,0.9,0.6
148027,0.5,0.7,0.6,0.4,0.8,0.4,0.6,0.7
148029,0.3,0.5,0.4,0.4,0.4,0.4,0.7,0.5
148031,0.7,1.4,0.8,1.1,1.1,0.8,1.1,0.8
148033,1.0,1.1,1.2,1.3,1.3,1.4,1.1,1.0
148037,1.8,1.7,1.5,1.5,2.0,1.5,2.0,1.3
148039,2.5,16.0,7.0,3.6,63.0,11.0,3.2,1.5
148041,3.4,3.7,2.2,3.3,2.8,1.3,1.1,1.2
148043,0.5,1.1,1.2,0.6,2.8,1.1,0.9,0.7
148045,1.4,1.5,1.6,1.4,3.3,2.5,1.0,0.9
148047,3.0,8.9,11.0,24.0,18.0,3.0,2.0,0.9
148049,0.7,0.8,0.8,0.9,1.0,0.8,1.0,0.6
148051,0.9,1.4,1.4,1.0,2.6,1.2,1.2,1.1
148053,9.1,17.0,6.3,48.0,600.0,10.0,3.5,2.3
148055,1.0,0.7,0.7,0.7,1.0,0.8,1.2,0.8
148057,1.0,1.0,1.2,0.6,2.1,0.6,0.8,0.7
148059,0.5,0.7,0.5,0.6,0.5,0.4,0.4,0.4
148063,1.2,1.1,0.9,1.0,0.9,1.0,1.0,0.9
148067,0.6,0.6,0.6,0.7,1.2,0.5,0.5,0.5
148069,0.7,0.7,0.7,0.7,1.3,0.9,1.0,0.8
148071,0.9,0.8,1.0,0.8,1.2,0.8,0.8,0.7
148073,0.8,0.9,1.3,0.9,1.8,0.8,1.0,0.7
148075,0.6,1.0,0.6,1.0,0.9,0.9,0.8,0.6
148077,0.5,0.7,0.6,0.7,0.9,0.6,0.6,0.6
148079,6.2,0.8,15.0,91.0,4.2,1.1,0.5,1.6
148081,0.5,0.5,0.4,0.4,0.4,0.5,0.6,0.4
148083,0.9,0.8,0.8,0.6,1.0,0.6,0.7,0.5
148085,0.9,0.8,0.8,0.7,1.4,0.7,0.8,0.5
148087,1.1,1.2,1.0,0.7,2.2,1.5,1.2,1.2
148089,1.0,1.7,1.7,1.5,3.5,2.5,1.9,1.2
148091,3.9,48.0,43.0,48.0,30.0,19.0,1.6,1.2
148093,1.2,1.4,1.1,0.8,2.4,0.6,0.7,0.7
148099,0.8,1.3,1.1,0.7,1.6,0.9,0.9,0.8
148101,1.0,1.2,1.0,0.8,1.2,1.0,0.7,0.7
148103,1.8,2.0,1.5,0.7,6.0,2.8,1.0,0.6
148105,0.9,0.9,0.8,1.0,1.5,1.1,1.1,0.9
148109,5.1,3.0,2.9,5.0,3.6,2.4,0.8,2.4
148111,0.2,0.3,0.3,0.2,0.5,0.3,0.4,0.4
148113,0.8,0.7,0.8,0.6,0.6,0.5,0.5,0.6
148115,0.8,1.2,1.3,1.1,2.1,0.9,1.1,0.7
148117,0.5,0.6,0.5,0.5,0.6,0.5,0.6,0.5
148119,0.4,0.5,0.5,0.4,0.9,0.3,0.6,0.4
148121,0.4,0.6,0.4,0.5,0.4,0.6,0.6,0.6
148125,0.8,0.7,0.7,1.0,0.9,0.6,1.0,0.6
148127,0.8,0.9,0.5,0.7,0.9,0.8,0.5,0.7
148131,0.4,0.6,0.6,0.5,0.6,0.7,0.8,0.7
148133,1.0,1.3,1.2,1.5,1.5,0.9,0.9,1.0
149192,1.4,1.4,1.8,0.9,1.3,2.2,1.6,1.7
149198,1.4,1.3,1.1,0.7,1.3,1.4,2.2,1.4
149208,4.1,1.6,1.0,2.0,1.2,1.2,2.7,1.7
154816,400.0,120.0,48.0,500.0,50.0,22.0,8.0,245.0
154817,5.6,0.7,22.0,33.0,6.8,3.8,0.9,2.5
155156,0.5,0.7,0.6,0.7,0.8,0.8,0.6,0.6
155920,0.7,1.2,2.3,1.0,3.6,1.1,0.6,0.7
159108,2.0,4.0,3.3,1.8,7.7,2.2,2.3,1.4
159112,0.8,0.7,0.6,0.9,0.9,0.7,1.1,0.8
159114,3.9,3.1,8.6,15.0,17.0,2.8,2.9,3.0
172116,1.1,2.7,,1.2,14.0,3.0,0.3,0.4
172120,0.9,1.2,1.1,1.0,1.0,1.1,0.7,0.9
172122,33.0,59.0,4.4,58.0,19.0,32.0,200.0,23.0
172124,0.5,1.0,0.4,0.8,1.1,0.7,0.8,0.7
172126,0.3,0.5,0.4,0.5,0.7,0.6,0.6,0.6
172128,71.0,84.0,17.0,91.0,43.0,15.0,2.2,113.0
172132,2.1,1.5,2.2,1.4,3.3,1.4,1.1,1.1
172134,0.7,0.5,0.7,0.6,0.9,0.5,0.5,0.4
172136,6.6,9.0,16.0,8.7,8.0,1.0,1.6,2.5
172138,1.4,1.5,1.5,1.2,2.2,1.1,1.2,1.1
172140,0.7,1.1,1.0,1.0,1.1,1.0,1.5,0.6
172142,1.0,0.8,0.7,0.7,1.0,0.7,1.0,0.7
172986,0.7,1.0,0.6,0.5,1.0,0.7,1.2,0.9
172987,1.0,1.2,0.6,0.6,0.8,0.7,1.4,1.1
172988,1.0,1.2,0.7,0.8,0.9,1.1,2.0,1.3
173668,1.0,0.9,0.6,0.9,1.3,0.7,0.6,0.7
187115,25.0,55.0,61.0,39.0,19.0,1000.0,1.3,9.3
187117,0.6,0.8,0.7,0.6,1.1,0.7,0.7,0.6
187119,132.0,17.0,3.6,500.0,1.7,1.2,3.0,126.0
187121,0.5,0.6,0.6,0.5,0.7,0.4,0.4,0.5
187123,0.7,1.0,0.6,0.8,1.0,0.7,0.9,0.7
187125,0.6,0.7,0.6,0.5,0.8,0.6,0.7,0.6
187127,0.4,0.7,0.4,0.4,0.8,0.6,0.6,0.6
187129,1.0,1.5,3.8,5.6,2.8,1.0,1.3,0.5
187131,43.0,34.0,46.0,98.0,70.0,36.0,3.1,4.7
187137,1.1,2.1,1.8,0.7,29.0,5.6,0.5,0.4
187141,3.1,5.1,2.9,1.5,7.6,1.9,1.1,1.1
187147,1.1,1.0,1.3,1.3,1.3,0.8,1.1,0.6
187149,0.6,0.9,0.9,0.8,0.9,0.9,1.0,1.3
187151,38.0,47.0,38.0,37.0,104.0,1000.0,1.7,14.0
187153,20.0,17.0,25.0,21.0,28.0,98.0,0.8,7.3
187155,17.0,45.0,84.0,52.0,36.0,1000.0,3.7,7.4
187157,1.1,1.2,1.6,1.0,1.7,1.2,1.5,1.1
187159,0.3,0.5,0.4,0.5,0.7,0.5,0.7,0.5
187161,0.3,0.5,0.4,0.4,0.5,0.3,0.4,0.3
187163,0.9,0.9,0.6,0.9,1.1,0.7,0.9,0.7
187165,1.5,1.0,1.3,1.1,1.4,1.5,1.3,1.3
187167,0.8,1.0,0.8,1.1,1.1,1.2,0.9,0.9
187169,1.0,0.8,0.9,1.2,1.1,0.7,1.1,1.0
187171,0.3,0.5,0.6,0.5,0.4,0.5,0.5,0.5
187173,0.4,0.5,0.4,0.2,0.6,0.5,0.4,0.2
187175,1.2,2.0,2.6,2.0,6.6,2.6,1.1,0.6
187177,0.5,0.7,0.8,0.6,0.1,0.5,0.5,0.6
187179,1.9,1.6,1.9,1.2,2.5,1.3,1.3,1.2
187181,0.6,0.6,0.6,0.5,0.6,0.7,0.7,0.5
187183,2.4,4.9,7.5,2.5,10.0,4.2,0.8,1.0
187187,0.7,0.7,0.5,0.5,1.1,0.5,0.7,0.4
187189,6.7,22.0,30.0,26.0,13.0,73.0,5.9,1.7
187191,129.0,37.0,73.0,500.0,92.0,25.0,10.0,35.0
187193,1.4,2.0,2.2,2.1,2.5,2.2,1.4,1.3
187195,0.6,0.8,0.9,0.9,1.0,0.7,0.8,0.6
187197,0.7,0.9,1.0,0.8,1.6,1.1,1.0,0.8
191476,400.0,104.0,30.0,65.0,54.0,45.0,10.0,120.0
197086,1.1,1.1,1.0,0.8,1.5,0.8,1.0,0.8
197088,0.8,1.2,1.0,0.9,1.1,1.3,1.4,1.3
197090,0.9,1.2,1.0,1.0,1.0,0.6,1.1,0.9
197092,0.8,0.8,0.9,0.7,1.8,1.0,1.5,0.8
197094,0.8,1.0,1.0,1.0,0.8,0.9,0.8,1.0
197096,0.9,1.3,2.0,1.0,2.3,1.1,1.6,1.0
197098,1.3,1.4,1.0,1.0,2.5,0.9,1.3,1.1
197100,1.2,1.2,1.4,1.1,1.6,1.0,0.9,1.2
198527,0.5,0.4,0.6,0.5,0.7,0.4,0.5,0.3
198529,1.1,1.8,2.3,2.5,3.2,1.4,0.9,0.8
198531,0.5,0.7,0.5,0.6,0.8,0.5,0.8,0.5
198533,0.6,0.5,0.7,0.7,0.7,0.6,0.5,0.5
198535,0.5,0.9,0.8,0.7,1.2,0.6,0.7,0.6
198537,0.6,0.8,0.8,0.7,1.0,0.8,0.7,0.8
198539,3.8,17.0,5.4,36.0,6.3,32.0,2.0,5.0
198541,1.0,1.1,1.6,1.5,2.2,1.1,1.1,0.7
198543,1.2,1.2,1.2,0.8,2.1,0.6,0.7,0.7
205591,4.3,8.5,13.0,37.0,17.0,4.0,1.8,1.5
205593,57.0,17.0,3.9,15.0,8.0,2.3,4.6,35.0
205595,0.9,1.0,1.0,0.8,1.1,0.9,0.7,0.8
205597,1.9,1.6,1.9,1.2,2.5,1.3,1.9,1.2
205599,0.6,0.6,0.6,0.5,0.6,0.7,0.7,0.5
205601,2.4,4.9,7.5,2.5,10.0,4.2,0.8,1.0
205603,200.0,200.0,28.0,200.0,31.0,87.0,5.1,200.0
205605,1.1,1.0,1.4,0.5,1.4,0.8,0.7,0.7
205607,15.0,144.0,3.7,5.0,7.3,2.0,4.8,3.3
205609,1.1,1.8,1.4,1.5,2.5,1.7,1.3,0.8
205622,2.4,1.7,0.7,0.9,0.9,0.7,2.8,1.1
205624,6.0,1.7,1.0,3.2,2.1,1.5,1.0,2.0
205626,200.0,200.0,36.0,127.0,25.0,47.0,2.2,314.0
205628,6.0,30.0,,20.0,28.0,20.0,1.5,30.0
205630,400.0,157.0,67.0,500.0,78.0,51.0,800.0,200.0
205632,8.6,72.0,65.0,54.0,61.0,1000.0,23.0,2.1
205634,4.0,3.9,11.0,15.0,9.6,4.2,1.7,1.2
205636,11.0,110.0,115.0,139.0,23.0,1000.0,2.6,2.0
205638,0.6,0.7,0.6,0.4,0.6,0.6,0.6,0.5
205640,17.0,17.0,40.0,83.0,24.0,13.0,4.9,4.1
205642,1.3,1.1,1.0,0.9,1.4,1.0,0.8,0.8
205644,400.0,700.0,177.0,500.0,600.0,86.0,800.0,200.0
205686,0.5,0.5,0.5,0.5,0.7,0.6,0.7,0.5
205687,,10.0,4.0,4.5,45.0,,2.6,1.7
205688,1.3,3.7,1.7,1.8,32.0,2.6,1.1,0.8
205689,,2.1,2.1,2.3,1.8,,1.4,1.3
205690,1.1,1.1,1.7,1.2,1.1,1.4,1.4,0.9
205691,4.3,11.0,10.0,5.0,13.0,11.0,1.6,1.6
205692,0.5,0.9,,0.7,0.9,0.9,1.3,1.2
205693,200.0,53.0,200.0,200.0,200.0,41.0,7.6,580.0
205695,173.0,20.0,59.0,200.0,8.1,10.0,1.1,109.0
205696,0.9,1.2,1.6,0.7,2.7,1.1,1.9,0.9
206407,1.0,0.9,1.0,0.8,1.5,0.6,1.0,0.6
206409,1.1,1.3,0.9,1.0,1.5,0.6,0.9,0.7
206411,0.7,0.7,0.8,0.8,1.0,0.9,0.9,0.5
206413,0.6,0.5,0.5,0.4,0.6,0.5,0.5,0.4
206415,0.8,0.8,1.1,0.8,1.4,0.9,1.1,0.6
206417,0.7,0.7,0.6,0.7,1.0,0.8,0.9,0.8
206419,0.9,0.9,0.7,1.0,1.1,0.7,0.7,1.0
206421,2.6,9.9,3.7,3.4,110.0,2.8,2.6,1.5
206423,,1.1,0.8,1.0,0.9,,0.6,0.6
206425,0.5,0.8,0.7,0.4,1.2,0.8,0.8,0.4
206427,0.8,1.3,1.3,1.2,1.9,0.8,0.8,0.7
206429,0.5,1.0,1.3,0.6,1.2,0.9,0.8,0.8
206431,7.8,13.0,5.9,14.0,200.0,30.0,4.5,1.4
206433,0.6,0.6,0.8,0.5,0.5,0.7,0.8,0.6
206435,0.7,0.8,1.0,0.7,1.4,0.9,0.9,0.8
206437,39.0,27.0,36.0,113.0,47.0,200.0,1.3,17.0
206439,0.5,0.6,0.5,0.4,0.7,0.5,0.5,0.5
206443,0.4,0.4,0.4,0.4,0.7,0.6,0.6,0.4
206445,,82.0,53.0,98.0,27.0,,12.0,25.0
206447,64.0,31.0,37.0,120.0,14.0,1.7,5.8,72.0
206451,0.4,0.6,0.3,0.4,0.4,0.3,0.3,0.3
207293,1.1,0.9,0.6,0.8,1.5,1.0,0.8,0.8
207295,0.5,1.0,0.7,0.9,1.0,0.9,0.7,0.6
207297,0.6,0.9,0.5,0.6,0.6,0.6,0.6,0.5
207299,1.0,1.3,1.3,0.9,1.7,1.1,1.4,1.2
207301,0.6,0.6,0.6,0.5,0.6,0.8,0.7,0.6
207303,0.3,1.2,1.1,0.7,2.0,1.3,0.6,0.8
207305,2.5,6.3,1.7,4.0,3.9,1.5,1.5,1.3
207307,0.6,0.7,0.7,1.0,1.0,0.6,1.2,
216587,,1.1,0.8,0.8,1.1,,0.8,0.7
216589,200.0,34.0,12.0,49.0,10.0,4.3,6.9,146.0
216591,0.7,0.9,0.9,0.9,1.3,0.7,0.7,1.0
216593,,0.4,0.5,0.4,0.6,,0.5,0.3
216595,,1.3,1.4,1.0,1.4,,1.1,0.8
216597,0.7,0.7,1.0,0.7,0.9,0.8,0.6,0.4
216599,,1.9,1.5,1.3,2.0,,1.7,1.4
216601,0.7,1.1,1.0,0.6,1.5,0.8,0.7,0.6
216603,,0.9,0.7,0.7,1.2,,0.6,0.8
216605,,0.7,0.4,0.4,0.5,,0.6,0.4
216607,0.4,0.6,0.6,0.3,0.7,0.3,0.4,0.2
216609,0.8,0.6,0.7,0.7,1.0,0.8,0.9,0.8
216611,0.8,1.2,1.5,0.9,1.3,0.8,0.8,0.9
216613,0.4,1.0,0.9,0.8,1.1,0.6,0.9,0.8
216615,0.3,0.7,0.5,0.6,0.6,0.9,0.8,0.7
216617,0.7,0.9,0.7,0.7,0.8,0.8,0.6,0.7
216619,0.9,0.9,0.7,0.6,0.9,0.6,0.9,0.6
216621,0.6,0.9,0.9,0.7,0.9,0.8,1.4,1.2
216623,0.8,0.7,0.5,0.5,0.8,0.6,0.4,0.6
216625,,1.1,0.8,0.7,1.1,,1.2,0.9
216627,2.8,2.2,1.6,1.8,2.9,1.3,1.2,1.8
216629,0.6,1.0,1.0,0.6,1.2,0.9,1.0,0.8
216631,1.3,1.1,1.2,1.2,1.6,1.2,1.2,1.1
216633,,1.1,1.0,0.9,1.3,,0.9,1.2
216635,,1.0,1.1,1.0,1.6,,1.0,0.7
216637,,1.7,1.7,1.3,2.5,,1.3,0.6
216639,,0.8,0.8,0.5,1.1,,0.5,0.5
216641,1.9,1.3,1.4,1.9,2.5,1.5,1.7,1.1
216643,0.6,0.6,1.1,0.5,1.1,0.5,0.5,0.3
216645,1.2,1.0,1.1,1.0,2.5,0.8,1.8,0.8
216647,0.5,0.8,1.0,0.8,1.3,0.9,0.9,0.6
216649,0.6,0.5,0.6,0.5,0.8,0.6,0.6,0.6
216651,1.6,1.5,1.4,1.3,1.6,1.4,1.3,1.2
216653,,1.0,1.0,1.0,1.3,,1.1,0.6
216655,0.5,0.8,0.6,0.6,1.0,0.7,0.9,0.9
216657,0.5,0.8,0.5,0.5,0.7,0.6,0.8,0.8
216659,,0.8,0.7,0.7,1.2,,0.8,0.7
216661,0.4,0.8,0.7,0.8,0.6,1.1,1.1,1.3
216663,1.0,1.2,1.4,0.8,1.3,0.9,1.5,0.9
216665,0.9,1.8,1.1,1.3,1.7,1.9,1.5,1.4
216667,1.0,0.9,1.0,1.0,1.1,0.9,0.9,0.9
230072,400.0,109.0,21.0,87.0,94.0,63.0,7.4,239.0
235681,2.7,19.0,,9.3,3.7,3.9,2.2,1.9
235683,0.6,0.9,1.0,1.0,1.0,0.9,1.2,
235685,200.0,200.0,55.0,108.0,200.0,200.0,9.2,
235687,0.9,1.8,4.1,7.2,4.3,1.4,1.0,
235689,1.1,0.8,1.0,1.0,1.5,1.0,1.0,0.9
235691,1.1,1.1,1.5,1.1,1.3,0.9,1.1,0.8
235695,0.9,0.9,1.1,0.7,1.1,0.8,0.8,0.6
235697,1.1,1.1,1.3,1.1,2.2,1.1,1.0,0.5
235699,0.7,0.8,0.7,0.7,1.0,0.8,1.1,0.8
235701,200.0,54.0,43.0,162.0,38.0,12.0,200.0,544.0
235703,200.0,200.0,44.0,200.0,77.0,200.0,18.0,200.0
235705,0.7,0.9,0.9,0.9,1.3,0.7,0.7,1.0
235707,0.7,0.8,0.9,0.8,1.2,0.7,0.5,0.9
235709,1.1,1.2,1.4,1.1,1.7,1.4,1.6,1.1
235711,0.4,0.6,0.7,0.5,1.1,0.6,0.9,0.5
235715,1.1,1.0,1.1,0.9,1.5,0.7,0.9,0.8
235717,0.9,1.3,1.6,1.1,1.3,1.8,1.0,1.3
235719,0.6,0.6,0.4,0.6,0.7,0.5,0.8,0.5
235721,4.7,2.8,3.4,4.4,5.1,5.2,3.2,1.7
235723,0.7,1.1,1.0,0.6,1.5,0.8,0.7,0.6
235725,0.5,0.8,0.6,0.6,0.7,0.6,0.9,0.5
235727,0.7,0.5,0.6,0.5,0.6,0.5,1.0,0.5
235729,1.1,1.1,1.0,1.2,1.2,1.1,0.8,1.0
235731,200.0,200.0,90.0,177.0,200.0,200.0,12.0,
235733,23.0,115.0,35.0,102.0,68.0,184.0,,
235735,43.0,28.0,49.0,61.0,95.0,4.8,2.9,18.0
235737,18.0,50.0,78.0,159.0,198.0,38.0,3.4,5.5
235739,0.5,0.7,0.8,0.7,0.8,0.8,0.8,0.7
257923,1.1,0.8,1.0,1.0,0.9,1.0,1.1,1.6
257927,0.4,0.6,0.4,0.4,0.8,0.4,0.5,0.3
257929,0.1,0.4,0.3,0.3,0.3,0.4,0.4,0.4
257931,3.9,37.0,6.1,7.6,200.0,13.0,0.5,0.7
257933,0.6,0.9,1.0,0.7,1.0,0.6,0.6,0.6
257935,0.8,0.9,0.8,0.8,0.8,0.8,0.8,0.7
257937,14.0,155.0,53.0,96.0,86.0,155.0,2.4,7.0
257939,200.0,204.0,54.0,98.0,32.0,20.0,4.2,117.0
257941,0.6,1.0,0.8,0.7,0.9,0.6,0.7,0.5
257943,0.5,0.9,0.9,0.7,0.8,0.9,0.9,1.0
257947,0.6,1.0,1.1,0.9,1.3,1.3,1.7,1.6
257949,0.5,0.7,0.5,0.6,0.9,0.6,0.7,0.5
257951,0.5,0.7,0.8,0.5,0.5,0.9,0.8,0.7
257953,0.6,0.7,0.8,0.6,1.3,0.8,0.9,0.6
257957,46.0,200.0,200.0,200.0,89.0,200.0,1.3,33.0
257959,1.0,1.4,1.2,1.3,1.6,1.0,1.7,1.6
257963,0.6,0.7,0.7,0.9,1.1,0.9,1.0,1.0
257965,0.6,0.8,0.8,0.7,0.7,0.8,0.8,0.9
258503,0.2,8.3,3.3,1.4,7.1,1.9,0.6,0.3
258505,0.7,0.8,0.8,0.8,0.9,0.9,0.9,1.0
258507,0.5,0.8,0.8,0.8,1.2,0.7,0.9,0.6
258509,2.5,5.0,4.5,2.0,9.1,3.5,2.4,1.3
259173,0.7,1.0,1.2,1.1,2.0,1.0,1.0,0.8
259175,0.9,0.8,1.0,1.0,0.8,0.8,0.7,0.8
259177,0.9,1.1,1.0,0.9,1.1,1.0,1.2,0.9
259181,2.6,9.3,21.0,6.8,13.0,21.0,1.4,1.5
259183,0.7,1.0,0.9,0.7,2.2,0.9,1.2,0.8
259185,1.2,1.1,1.6,1.3,1.6,1.2,1.0,0.8
259187,0.7,2.0,1.9,1.4,4.0,2.0,1.4,0.8
259189,0.4,0.7,0.8,0.5,0.9,0.9,0.6,0.6
259191,1.1,27.0,30.0,36.0,36.0,200.0,0.6,0.6
259193,0.5,0.7,0.8,0.7,1.2,0.5,0.6,0.3
259195,1.1,1.5,1.6,1.1,1.4,1.3,1.5,0.9
259197,0.5,0.8,0.8,0.8,1.1,0.7,0.9,0.7
259199,0.5,0.8,0.7,0.6,1.1,0.6,0.6,0.6
259203,1.0,1.1,0.9,1.0,1.1,1.0,1.1,1.1
259207,1.6,1.6,1.4,1.4,1.9,1.1,1.0,0.9
259211,0.4,0.8,0.7,0.7,0.9,0.8,0.9,0.7
259215,0.6,0.8,1.0,0.7,1.3,0.6,0.7,0.6
259219,0.7,0.9,0.8,0.7,1.0,0.8,0.7,0.8
259223,0.8,1.0,0.9,0.9,1.4,0.8,0.9,0.9
259227,6.3,6.2,6.3,3.4,20.5,5.3,6.7,2.9
259233,1.4,1.5,1.3,1.0,2.5,1.0,1.3,0.8
259237,0.7,1.2,1.0,0.8,1.4,1.0,1.2,0.6
259241,0.8,1.0,1.1,0.8,1.2,1.0,1.0,0.8
259245,0.6,0.8,0.8,0.8,1.1,1.0,0.9,0.9
259249,0.4,0.5,0.5,0.4,0.6,0.6,0.6,0.6
259253,0.9,0.8,0.9,0.9,1.5,0.7,0.7,0.6
259257,0.8,0.8,0.8,0.6,1.7,0.7,1.1,0.5
259261,0.6,0.7,0.7,0.5,0.7,0.7,0.8,0.6
259265,0.3,0.9,0.6,0.6,0.7,0.7,0.8,0.8
